{
  "lut": 1040,
  "ff": 1335,
  "dsp": 11,
  "bram": 0,
  "snru": 0.0009517448323741178,
  "wns": 2.203,
  "tns": 0.0,
  "target_clk": 8.0,
  "achieved_clk": 5.797000000000001,
  "total_power": 2.251,
  "dynamic_power": 0.038,
  "static_power": 2.213,
  "cc": 2987153,
  "time": 17316525.941000003
}