{
  "lut": 39253,
  "ff": 38547,
  "dsp": 41,
  "bram": 0,
  "snru": 0.01850765651644877,
  "wns": 0.472,
  "tns": 0.0,
  "target_clk": 8.0,
  "achieved_clk": 7.5280000000000005,
  "total_power": 3.223,
  "dynamic_power": 0.993,
  "static_power": 2.23,
  "cc": 30225,
  "time": 227533.80000000002
}