{
  "lut": 2777,
  "ff": 4154,
  "dsp": 11,
  "bram": 0,
  "snru": 0.00185416888707309,
  "wns": 2.562,
  "tns": 0.0,
  "target_clk": 8.0,
  "achieved_clk": 5.438000000000001,
  "total_power": 2.285,
  "dynamic_power": 0.072,
  "static_power": 2.213,
  "cc": 2986257,
  "time": 16239265.566000002
}