{
  "lut": 15503,
  "bram": 6,
  "ff": 11420,
  "dsp": 49,
  "snru": 3.480043515736549,
  "wns": 1.719,
  "tns": 0.0,
  "target_clk": 8.0,
  "achieved_clk": 6.281,
  "total_power": 2.61,
  "dynamic_power": 0.39,
  "static_power": 2.219,
  "cc": 49831383,
  "time": 312990916.62299997
}