{
  "lut": 18259,
  "ff": 12731,
  "dsp": 49,
  "bram": 6,
  "snru": 3.871414202227004,
  "wns": 1.978,
  "tns": 0.0,
  "target_clk": 8.0,
  "achieved_clk": 6.022,
  "total_power": 2.676,
  "dynamic_power": 0.456,
  "static_power": 2.22,
  "cc": 49075063,
  "time": 295530029.38600004
}