{
  "lut": 15424,
  "ff": 11317,
  "dsp": 49,
  "bram": 70,
  "snru": 0.0146150620159514,
  "wns": 1.714,
  "tns": 0.0,
  "target_clk": 8.0,
  "achieved_clk": 6.286,
  "total_power": 2.68,
  "dynamic_power": 0.459,
  "static_power": 2.22,
  "cc": 48496087,
  "time": 304846402.88199997
}