{
  "lut": 18288,
  "ff": 11024,
  "dsp": 9,
  "bram": 0,
  "wns": 0.597,
  "tns": 0,
  "target_clk": 8.0,
  "achieved_clk": 7.4030000000000005,
  "total_power": 2.343,
  "dynamic_power": 0.129,
  "static_power": 2.214,
  "cc": 8403,
  "time": 62207.40900000001
}