{
  "lut": 14313,
  "ff": 4250,
  "dsp": 6,
  "bram": 0,
  "snru": 0.0049664755636871765,
  "wns": 2.539,
  "tns": 0.0,
  "target_clk": 8.0,
  "achieved_clk": 5.461,
  "total_power": 2.321,
  "dynamic_power": 0.107,
  "static_power": 2.214,
  "cc": 6298,
  "time": 34393.378000000004
}