{
  "lut": 7446,
  "ff": 9624,
  "dsp": 4,
  "bram": 12,
  "snru": 1.9198828725038402,
  "wns": 2.111,
  "tns": 0.0,
  "target_clk": 8.0,
  "achieved_clk": 5.888999999999999,
  "total_power": 2.318,
  "dynamic_power": 0.104,
  "static_power": 2.214,
  "cc": 97652,
  "time": 575072.6279999999
}