{
  "lut": 411,
  "ff": 396,
  "dsp": 3,
  "bram": 0,
  "snru": 0.0003006707847804462,
  "wns": 2.704,
  "tns": 0.0,
  "target_clk": 8.0,
  "achieved_clk": 5.295999999999999,
  "total_power": 2.223,
  "dynamic_power": 0.011,
  "static_power": 2.212,
  "cc": 8505,
  "time": 45042.479999999996
}