{
  "lut": 15002,
  "ff": 11359,
  "dsp": 49,
  "bram": 6,
  "snru": 3.4190693050170187,
  "wns": 1.767,
  "tns": 0.0,
  "target_clk": 8.0,
  "achieved_clk": 6.2330000000000005,
  "total_power": 2.609,
  "dynamic_power": 0.39,
  "static_power": 2.219,
  "cc": 48587367,
  "time": 302845058.51100004
}