{
  "lut": 12853,
  "ff": 8867,
  "dsp": 84,
  "bram": 0,
  "snru": 3.394414863696651,
  "wns": 1.395,
  "tns": 0.0,
  "target_clk": 8.0,
  "achieved_clk": 6.605,
  "total_power": 2.457,
  "dynamic_power": 0.24,
  "static_power": 2.216,
  "cc": 2260,
  "time": 14927.300000000001
}