{
  "lut": 59394,
  "ff": 50602,
  "dsp": 39,
  "bram": 0,
  "snru": 10.371536906115296,
  "wns": 0.379,
  "tns": 0.0,
  "target_clk": 8.0,
  "achieved_clk": 7.621,
  "total_power": 2.877,
  "dynamic_power": 0.653,
  "static_power": 2.224,
  "cc": 35361,
  "time": 269486.18100000004
}