{
  "lut": 6205,
  "ff": 4074,
  "dsp": 33,
  "bram": 0,
  "snru": 0.003749914884420444,
  "wns": 1.786,
  "tns": 0.0,
  "target_clk": 8.0,
  "achieved_clk": 6.214,
  "total_power": 2.432,
  "dynamic_power": 0.216,
  "static_power": 2.216,
  "cc": 262913,
  "time": 1633741.3820000002
}