{
  "lut": 2795,
  "ff": 937,
  "dsp": 3,
  "bram": 0,
  "snru": 0.4247952045142343,
  "wns": 2.953,
  "tns": 0.0,
  "target_clk": 8.0,
  "achieved_clk": 5.047000000000001,
  "total_power": 2.247,
  "dynamic_power": 0.034,
  "static_power": 2.213,
  "cc": 5227,
  "time": 26380.669
}