{
  "lut": 1227,
  "ff": 793,
  "dsp": 3,
  "bram": 0,
  "snru": 0.23665276692245749,
  "wns": 1.717,
  "tns": 0.0,
  "target_clk": 8.0,
  "achieved_clk": 6.2829999999999995,
  "total_power": 2.22,
  "dynamic_power": 0.008,
  "static_power": 2.212,
  "cc": 3730,
  "time": 23435.589999999997
}