{
  "lut": 19748,
  "ff": 12974,
  "dsp": 168,
  "bram": 0,
  "snru": 5.832286041637061,
  "wns": 1.217,
  "tns": 0.0,
  "target_clk": 8.0,
  "achieved_clk": 6.7829999999999995,
  "total_power": 2.472,
  "dynamic_power": 0.256,
  "static_power": 2.217,
  "cc": 7127,
  "time": 48342.441
}