{
  "lut": 4270,
  "ff": 3337,
  "dsp": 45,
  "bram": 1,
  "snru": 1.474521417828891,
  "wns": 3.126,
  "tns": 0.0,
  "target_clk": 8.0,
  "achieved_clk": 4.8740000000000006,
  "total_power": 2.294,
  "dynamic_power": 0.08,
  "static_power": 2.214,
  "cc": 688,
  "time": 3353.3120000000004
}