{
  "lut": 20473,
  "ff": 20962,
  "dsp": 41,
  "bram": 0,
  "snru": 4.2399178745677615,
  "wns": 1.374,
  "tns": 0.0,
  "target_clk": 8.0,
  "achieved_clk": 6.6259999999999994,
  "total_power": 2.721,
  "dynamic_power": 0.5,
  "static_power": 2.221,
  "cc": 30241,
  "time": 200376.86599999998
}