{
  "lut": 9201,
  "bram": 0,
  "ff": 5513,
  "dsp": 53,
  "snru": 0.0056555833229714365,
  "wns": 0.895,
  "tns": 0.0,
  "target_clk": 8.0,
  "achieved_clk": 7.105,
  "total_power": 2.332,
  "dynamic_power": 0.118,
  "static_power": 2.214,
  "cc": 1148,
  "time": 8156.540000000001
}