{
  "lut": 4792,
  "ff": 3907,
  "dsp": 0,
  "bram": 6,
  "snru": 0.0024926619532724984,
  "wns": 3.756,
  "tns": 0.0,
  "target_clk": 8.0,
  "achieved_clk": 4.244,
  "total_power": 2.297,
  "dynamic_power": 0.084,
  "static_power": 2.214,
  "cc": 1508,
  "time": 6399.951999999999
}