{
  "lut": 15418,
  "ff": 11323,
  "dsp": 49,
  "bram": 70,
  "snru": 5.845680643384965,
  "wns": 2.007,
  "tns": 0.0,
  "target_clk": 8.0,
  "achieved_clk": 5.993,
  "total_power": 2.682,
  "dynamic_power": 0.462,
  "static_power": 2.221,
  "cc": 48496087,
  "time": 290637049.39100003
}