{
  "lut": 878,
  "ff": 985,
  "dsp": 11,
  "bram": 0,
  "snru": 0.3420369564445076,
  "wns": 2.709,
  "tns": 0.0,
  "target_clk": 8.0,
  "achieved_clk": 5.291,
  "total_power": 2.245,
  "dynamic_power": 0.033,
  "static_power": 2.213,
  "cc": 2990225,
  "time": 15821280.475000001
}