{
  "lut": 15109,
  "ff": 11369,
  "dsp": 49,
  "bram": 6,
  "snru": 3.431918056852555,
  "wns": 1.81,
  "tns": 0.0,
  "target_clk": 8.0,
  "achieved_clk": 6.1899999999999995,
  "total_power": 2.623,
  "dynamic_power": 0.404,
  "static_power": 2.219,
  "cc": 48621271,
  "time": 300965667.48999995
}