{
  "lut": 6901,
  "ff": 3917,
  "dsp": 145,
  "bram": 14,
  "snru": 3.9733599338022834,
  "wns": 0.731,
  "tns": 0.0,
  "target_clk": 8.0,
  "achieved_clk": 7.269,
  "total_power": 2.368,
  "dynamic_power": 0.153,
  "static_power": 2.215,
  "cc": 8360,
  "time": 60768.840000000004
}