{
  "lut": 115255,
  "ff": 57895,
  "dsp": 208,
  "bram": 0,
  "snru": 0.05009419611665719,
  "wns": 1.32,
  "tns": 0.0,
  "target_clk": 8.0,
  "achieved_clk": 6.68,
  "total_power": 3.485,
  "dynamic_power": 1.251,
  "static_power": 2.234,
  "cc": 2427,
  "time": 16212.359999999999
}