{
  "lut": 47879,
  "ff": 57368,
  "dsp": 60,
  "bram": 0,
  "snru": 0.024478620816754296,
  "wns": 1.071,
  "tns": 0.0,
  "target_clk": 8.0,
  "achieved_clk": 6.929,
  "total_power": 3.072,
  "dynamic_power": 0.845,
  "static_power": 2.227,
  "cc": 137985,
  "time": 956098.0650000001
}