{
  "lut": 82773,
  "ff": 74641,
  "dsp": 41,
  "bram": 0,
  "snru": 0.03616522580793188,
  "wns": 0.47,
  "tns": 0.0,
  "target_clk": 8.0,
  "achieved_clk": 7.53,
  "total_power": 4.2,
  "dynamic_power": 1.953,
  "static_power": 2.247,
  "cc": 30209,
  "time": 227473.77000000002
}