{
  "lut": 18376,
  "ff": 12746,
  "dsp": 49,
  "bram": 6,
  "snru": 0.009714242416360461,
  "wns": 1.711,
  "tns": 0.0,
  "target_clk": 8.0,
  "achieved_clk": 6.289,
  "total_power": 2.683,
  "dynamic_power": 0.463,
  "static_power": 2.22,
  "cc": 49002039,
  "time": 308173823.27099997
}