{
  "lut": 454,
  "ff": 358,
  "dsp": 3,
  "bram": 0,
  "snru": 0.12302161787693619,
  "wns": 2.736,
  "tns": 0.0,
  "target_clk": 8.0,
  "achieved_clk": 5.263999999999999,
  "total_power": 2.223,
  "dynamic_power": 0.011,
  "static_power": 2.212,
  "cc": 8973,
  "time": 47233.871999999996
}