{
  "lut": 6204,
  "ff": 4074,
  "dsp": 33,
  "bram": 0,
  "snru": 1.4998512327696463,
  "wns": 1.818,
  "tns": 0.0,
  "target_clk": 8.0,
  "achieved_clk": 6.182,
  "total_power": 2.432,
  "dynamic_power": 0.216,
  "static_power": 2.216,
  "cc": 262913,
  "time": 1625328.1660000002
}