,lut,lut,time,time,cluster
,mean,std,mean,std,count
cluster,,,,,
0,9025.878260869566,6866.841863479312,5860.537086956522,2110.6942836575004,115
1,3587.964912280702,2864.6780357916077,5411.259789473685,1731.1355182822892,57
2,8170.752136752137,6727.048518796418,6395.084623931623,2427.492863599587,117
