{
  "lut": 4156,
  "ff": 3002,
  "dsp": 47,
  "bram": 3,
  "wns": 0.935,
  "tns": 0,
  "target_clk": 8.0,
  "achieved_clk": 7.0649999999999995,
  "total_power": 2.328,
  "dynamic_power": 0.114,
  "static_power": 2.214,
  "cc": 15303,
  "time": 108115.69499999999
}