{
  "lut": 4156,
  "ff": 3002,
  "dsp": 47,
  "bram": 6,
  "snru": 0.004154603780104481,
  "wns": 1.935,
  "tns": 0.0,
  "target_clk": 8.0,
  "achieved_clk": 6.0649999999999995,
  "total_power": 2.328,
  "dynamic_power": 0.114,
  "static_power": 2.214,
  "cc": 15303,
  "time": 92812.69499999999
}