{
  "lut": 4219,
  "ff": 3034,
  "dsp": 47,
  "bram": 6,
  "snru": 0.004177261177314467,
  "wns": 1.924,
  "tns": 0.0,
  "target_clk": 8.0,
  "achieved_clk": 6.0760000000000005,
  "total_power": 2.338,
  "dynamic_power": 0.124,
  "static_power": 2.214,
  "cc": 14866,
  "time": 90325.816
}