{
  "lut": 8083,
  "bram": 5,
  "ff": 6928,
  "dsp": 0,
  "snru": 0.003776738187014894,
  "wns": 3.927,
  "tns": 0.0,
  "target_clk": 8.0,
  "achieved_clk": 4.073,
  "total_power": 2.344,
  "dynamic_power": 0.13,
  "static_power": 2.214,
  "cc": 1721,
  "time": 7009.633000000001
}