{
  "lut": 16386,
  "ff": 18043,
  "dsp": 33,
  "bram": 0,
  "snru": 0.008673023135154658,
  "wns": 0.36,
  "tns": 0.0,
  "target_clk": 8.0,
  "achieved_clk": 7.64,
  "total_power": 2.611,
  "dynamic_power": 0.392,
  "static_power": 2.219,
  "cc": 262665,
  "time": 2006760.5999999999
}