{
  "lut": 9320,
  "ff": 16910,
  "dsp": 11,
  "bram": 0,
  "snru": 0.005559943942139169,
  "wns": 2.451,
  "tns": 0.0,
  "target_clk": 8.0,
  "achieved_clk": 5.5489999999999995,
  "total_power": 2.426,
  "dynamic_power": 0.21,
  "static_power": 2.216,
  "cc": 2121825,
  "time": 11774006.924999999
}