{
  "lut": 5613,
  "bram": 7,
  "ff": 2562,
  "dsp": 0,
  "snru": 1.0513032305433188,
  "wns": 3.6,
  "tns": 0.0,
  "target_clk": 8.0,
  "achieved_clk": 4.4,
  "total_power": 2.271,
  "dynamic_power": 0.057,
  "static_power": 2.213,
  "cc": 1768,
  "time": 7779.200000000001
}