{
  "lut": 25450,
  "ff": 11757,
  "dsp": 3,
  "bram": 0,
  "snru": 3.6444400283027805,
  "wns": 1.521,
  "tns": 0.0,
  "target_clk": 8.0,
  "achieved_clk": 6.479,
  "total_power": 2.308,
  "dynamic_power": 0.094,
  "static_power": 2.214,
  "cc": 3713,
  "time": 24056.527000000002
}