{
  "lut": 12563,
  "ff": 6999,
  "dsp": 119,
  "bram": 6,
  "snru": 4.0652482816168956,
  "wns": 1.658,
  "tns": 0.0,
  "target_clk": 8.0,
  "achieved_clk": 6.3420000000000005,
  "total_power": 2.293,
  "dynamic_power": 0.079,
  "static_power": 2.214,
  "cc": 1338,
  "time": 8485.596000000001
}