{
  "lut": 118491,
  "ff": 57681,
  "dsp": 208,
  "bram": 0,
  "snru": 0.050991601127670406,
  "wns": 1.049,
  "tns": 0.0,
  "target_clk": 8.0,
  "achieved_clk": 6.9510000000000005,
  "total_power": 3.395,
  "dynamic_power": 1.162,
  "static_power": 2.233,
  "cc": 2427,
  "time": 16870.077
}