{
  "lut": 8853,
  "ff": 5228,
  "dsp": 74,
  "bram": 14,
  "snru": 3.0796185933873335,
  "wns": 0.39,
  "tns": 0.0,
  "target_clk": 8.0,
  "achieved_clk": 7.61,
  "total_power": 2.31,
  "dynamic_power": 0.096,
  "static_power": 2.214,
  "cc": 5784,
  "time": 44016.240000000005
}