{
  "lut": 15784,
  "ff": 12331,
  "dsp": 76,
  "bram": 6,
  "snru": 0.01004541140853279,
  "wns": 1.69,
  "tns": 0.0,
  "target_clk": 8.0,
  "achieved_clk": 6.3100000000000005,
  "total_power": 2.631,
  "dynamic_power": 0.412,
  "static_power": 2.219,
  "cc": 55767191,
  "time": 351890975.21000004
}