{
  "lut": 6223,
  "bram": 2,
  "ff": 3467,
  "dsp": 45,
  "snru": 0.004358076934544957,
  "wns": 2.65,
  "tns": 0.0,
  "target_clk": 8.0,
  "achieved_clk": 5.35,
  "total_power": 2.321,
  "dynamic_power": 0.107,
  "static_power": 2.214,
  "cc": 514,
  "time": 2749.8999999999996
}