{
  "lut": 1641,
  "ff": 1692,
  "dsp": 0,
  "bram": 14,
  "snru": 0.806144456681351,
  "wns": 4.57,
  "tns": 0.0,
  "target_clk": 8.0,
  "achieved_clk": 3.4299999999999997,
  "total_power": 2.253,
  "dynamic_power": 0.04,
  "static_power": 2.213,
  "cc": 126013,
  "time": 432224.58999999997
}