{
  "lut": 6365,
  "ff": 4140,
  "dsp": 33,
  "bram": 0,
  "snru": 0.0038052677662119274,
  "wns": 2.161,
  "tns": 0.0,
  "target_clk": 8.0,
  "achieved_clk": 5.839,
  "total_power": 2.38,
  "dynamic_power": 0.165,
  "static_power": 2.215,
  "cc": 262913,
  "time": 1535149.0070000002
}