{
  "lut": 31661,
  "ff": 23295,
  "dsp": 168,
  "bram": 0,
  "snru": 0.019477437525164606,
  "wns": 0.715,
  "tns": 0.0,
  "target_clk": 8.0,
  "achieved_clk": 7.285,
  "total_power": 2.757,
  "dynamic_power": 0.535,
  "static_power": 2.222,
  "cc": 890,
  "time": 6483.650000000001
}