{
  "lut": 15186,
  "ff": 11357,
  "dsp": 49,
  "bram": 6,
  "snru": 3.4400632477482955,
  "wns": 1.988,
  "tns": 0.0,
  "target_clk": 8.0,
  "achieved_clk": 6.0120000000000005,
  "total_power": 2.606,
  "dynamic_power": 0.387,
  "static_power": 2.219,
  "cc": 49163735,
  "time": 295572374.82
}