{
  "lut": 17201,
  "ff": 7866,
  "dsp": 12,
  "bram": 0,
  "snru": 2.6261264861920326,
  "wns": 0.704,
  "tns": 0.0,
  "target_clk": 8.0,
  "achieved_clk": 7.296,
  "total_power": 2.333,
  "dynamic_power": 0.119,
  "static_power": 2.214,
  "cc": 1088,
  "time": 7938.048000000001
}