{
  "lut": 5411,
  "ff": 3753,
  "dsp": 3,
  "bram": 0,
  "snru": 0.002216081256513192,
  "wns": 1.946,
  "tns": 0.0,
  "target_clk": 8.0,
  "achieved_clk": 6.054,
  "total_power": 2.264,
  "dynamic_power": 0.051,
  "static_power": 2.213,
  "cc": 4571,
  "time": 27672.834000000003
}