{
  "lut": 46223,
  "ff": 42992,
  "dsp": 60,
  "bram": 0,
  "snru": 8.776855815688503,
  "wns": 0.347,
  "tns": 0.0,
  "target_clk": 8.0,
  "achieved_clk": 7.6530000000000005,
  "total_power": 3.118,
  "dynamic_power": 0.89,
  "static_power": 2.228,
  "cc": 139817,
  "time": 1070019.5010000002
}