{
  "lut": 7961,
  "ff": 3978,
  "dsp": 6,
  "bram": 0,
  "snru": 0.003105700967505092,
  "wns": 1.483,
  "tns": 0.0,
  "target_clk": 8.0,
  "achieved_clk": 6.5169999999999995,
  "total_power": 2.285,
  "dynamic_power": 0.072,
  "static_power": 2.213,
  "cc": 3773,
  "time": 24588.641
}