{
  "lut": 26123,
  "ff": 16329,
  "dsp": 0,
  "bram": 12,
  "snru": 4.37992480857982,
  "wns": 1.097,
  "tns": 0.0,
  "target_clk": 8.0,
  "achieved_clk": 6.9030000000000005,
  "total_power": 2.762,
  "dynamic_power": 0.54,
  "static_power": 2.222,
  "cc": 24881,
  "time": 171753.543
}