{
  "lut": 5002,
  "bram": 0,
  "ff": 3143,
  "dsp": 3,
  "snru": 0.8045217096537352,
  "wns": 2.615,
  "tns": 0.0,
  "target_clk": 8.0,
  "achieved_clk": 5.385,
  "total_power": 2.245,
  "dynamic_power": 0.032,
  "static_power": 2.213,
  "cc": 6038,
  "time": 32514.629999999997
}