{
  "lut": 14905,
  "bram": 0,
  "ff": 6981,
  "dsp": 60,
  "snru": 3.1184146446165504,
  "wns": 2.02,
  "tns": 0.0,
  "target_clk": 8.0,
  "achieved_clk": 5.98,
  "total_power": 2.606,
  "dynamic_power": 0.387,
  "static_power": 2.219,
  "cc": 140545,
  "time": 840459.1000000001
}