{
  "lut": 1744,
  "bram": 14,
  "ff": 1625,
  "dsp": 0,
  "snru": 0.8141175660792952,
  "wns": 4.596,
  "tns": 0.0,
  "target_clk": 8.0,
  "achieved_clk": 3.404,
  "total_power": 2.244,
  "dynamic_power": 0.031,
  "static_power": 2.213,
  "cc": 130356,
  "time": 443731.82399999996
}