{
  "lut": 24412,
  "ff": 20191,
  "dsp": 42,
  "bram": 0,
  "snru": 4.664380018118516,
  "wns": 1.158,
  "tns": 0.0,
  "target_clk": 8.0,
  "achieved_clk": 6.8420000000000005,
  "total_power": 2.377,
  "dynamic_power": 0.162,
  "static_power": 2.215,
  "cc": 2860,
  "time": 19568.120000000003
}