{
  "lut": 1811,
  "ff": 1373,
  "dsp": 11,
  "bram": 0,
  "snru": 0.0011783188044739708,
  "wns": 2.523,
  "tns": 0.0,
  "target_clk": 8.0,
  "achieved_clk": 5.477,
  "total_power": 2.264,
  "dynamic_power": 0.051,
  "static_power": 2.213,
  "cc": 2531473,
  "time": 13864877.621000001
}