{
  "lut": 15822,
  "ff": 12274,
  "dsp": 51,
  "bram": 6,
  "snru": 3.599227531178735,
  "wns": 1.658,
  "tns": 0.0,
  "target_clk": 8.0,
  "achieved_clk": 6.3420000000000005,
  "total_power": 2.607,
  "dynamic_power": 0.388,
  "static_power": 2.219,
  "cc": 49195357,
  "time": 311996954.09400004
}