{
  "lut": 8424,
  "bram": 1,
  "ff": 3864,
  "dsp": 45,
  "snru": 1.981301428842107,
  "wns": 1.286,
  "tns": 0.0,
  "target_clk": 8.0,
  "achieved_clk": 6.714,
  "total_power": 2.367,
  "dynamic_power": 0.152,
  "static_power": 2.215,
  "cc": 662,
  "time": 4444.668000000001
}