{
  "lut": 28288,
  "ff": 12273,
  "dsp": 262,
  "bram": 48,
  "snru": 0.025342022550236168,
  "wns": 0.057,
  "tns": 0.0,
  "target_clk": 8.0,
  "achieved_clk": 7.943,
  "total_power": 3.379,
  "dynamic_power": 1.147,
  "static_power": 2.233,
  "cc": 15761,
  "time": 125189.62299999999
}