{
  "lut": 430,
  "ff": 414,
  "dsp": 3,
  "bram": 0,
  "snru": 0.0003087012546776562,
  "wns": 2.546,
  "tns": 0.0,
  "target_clk": 8.0,
  "achieved_clk": 5.454000000000001,
  "total_power": 2.223,
  "dynamic_power": 0.011,
  "static_power": 2.212,
  "cc": 8473,
  "time": 46211.742000000006
}