{
  "lut": 8258,
  "ff": 2603,
  "dsp": 11,
  "bram": 0,
  "snru": 1.2814872134195443,
  "wns": 2.578,
  "tns": 0.0,
  "target_clk": 8.0,
  "achieved_clk": 5.422000000000001,
  "total_power": 2.298,
  "dynamic_power": 0.085,
  "static_power": 2.214,
  "cc": 659601,
  "time": 3576356.6220000004
}