{
  "lut": 4213,
  "ff": 2145,
  "dsp": 6,
  "bram": 0,
  "snru": 0.7071642893515229,
  "wns": 2.174,
  "tns": 0.0,
  "target_clk": 8.0,
  "achieved_clk": 5.8260000000000005,
  "total_power": 2.297,
  "dynamic_power": 0.083,
  "static_power": 2.214,
  "cc": 7029,
  "time": 40950.954000000005
}