{
  "lut": 6113,
  "bram": 9,
  "ff": 4629,
  "dsp": 0,
  "snru": 0.0032540816092406126,
  "wns": 3.586,
  "tns": 0.0,
  "target_clk": 8.0,
  "achieved_clk": 4.414,
  "total_power": 2.304,
  "dynamic_power": 0.09,
  "static_power": 2.214,
  "cc": 1650,
  "time": 7283.099999999999
}