{
  "lut": 12384,
  "ff": 6045,
  "dsp": 103,
  "bram": 18,
  "snru": 4.167602673707681,
  "wns": 0.406,
  "tns": 0.0,
  "target_clk": 8.0,
  "achieved_clk": 7.594,
  "total_power": 2.295,
  "dynamic_power": 0.081,
  "static_power": 2.214,
  "cc": 1401,
  "time": 10639.194000000001
}