{
  "lut": 27884,
  "ff": 17954,
  "dsp": 0,
  "bram": 12,
  "snru": 4.6751592983008186,
  "wns": 1.749,
  "tns": 0.0,
  "target_clk": 8.0,
  "achieved_clk": 6.2509999999999994,
  "total_power": 2.807,
  "dynamic_power": 0.584,
  "static_power": 2.222,
  "cc": 23719,
  "time": 148267.46899999998
}