{
  "lut": 25385,
  "ff": 15276,
  "dsp": 163,
  "bram": 20,
  "snru": 0.01817763605593225,
  "wns": 0.395,
  "tns": 0.0,
  "target_clk": 8.0,
  "achieved_clk": 7.605,
  "total_power": 2.821,
  "dynamic_power": 0.598,
  "static_power": 2.223,
  "cc": 19824,
  "time": 150761.52000000002
}