{
  "lut": 6362,
  "ff": 4141,
  "dsp": 33,
  "bram": 0,
  "wns": 0.956,
  "tns": 0,
  "target_clk": 8.0,
  "achieved_clk": 7.0440000000000005,
  "total_power": 2.386,
  "dynamic_power": 0.171,
  "static_power": 2.215,
  "cc": 267009,
  "time": 1880811.3960000002
}