{
  "lut": 6362,
  "ff": 4141,
  "dsp": 33,
  "bram": 0,
  "snru": 0.0038045507599711054,
  "wns": 1.956,
  "tns": 0.0,
  "target_clk": 8.0,
  "achieved_clk": 6.0440000000000005,
  "total_power": 2.386,
  "dynamic_power": 0.171,
  "static_power": 2.215,
  "cc": 267009,
  "time": 1613802.3960000002
}