{
  "lut": 27161,
  "ff": 15932,
  "dsp": 169,
  "bram": 24,
  "snru": 0.01940510844676438,
  "wns": 0.682,
  "tns": 0.0,
  "target_clk": 8.0,
  "achieved_clk": 7.318,
  "total_power": 2.879,
  "dynamic_power": 0.655,
  "static_power": 2.224,
  "cc": 19856,
  "time": 145306.20799999998
}