{
  "lut": 7188,
  "ff": 3019,
  "dsp": 0,
  "bram": 7,
  "snru": 0.0031455063784875184,
  "wns": 3.118,
  "tns": 0.0,
  "target_clk": 8.0,
  "achieved_clk": 4.882,
  "total_power": 2.308,
  "dynamic_power": 0.095,
  "static_power": 2.214,
  "cc": 1430,
  "time": 6981.259999999999
}