{
  "lut": 11828,
  "bram": 0,
  "ff": 7510,
  "dsp": 42,
  "snru": 0.006233356203519492,
  "wns": 1.356,
  "tns": 0.0,
  "target_clk": 8.0,
  "achieved_clk": 6.644,
  "total_power": 2.34,
  "dynamic_power": 0.126,
  "static_power": 2.214,
  "cc": 3619,
  "time": 24044.636000000002
}