{
  "lut": 27997,
  "ff": 16121,
  "dsp": 169,
  "bram": 24,
  "snru": 0.019671978169598446,
  "wns": 0.472,
  "tns": 0.0,
  "target_clk": 8.0,
  "achieved_clk": 7.5280000000000005,
  "total_power": 2.929,
  "dynamic_power": 0.705,
  "static_power": 2.225,
  "cc": 19856,
  "time": 149475.96800000002
}