{
  "lut": 1154,
  "ff": 1194,
  "dsp": 0,
  "bram": 7,
  "snru": 0.0011532328377386197,
  "wns": 5.161,
  "tns": 0.0,
  "target_clk": 8.0,
  "achieved_clk": 2.8390000000000004,
  "total_power": 2.245,
  "dynamic_power": 0.032,
  "static_power": 2.213,
  "cc": 2563,
  "time": 7276.357000000001
}