{
  "lut": 16231,
  "bram": 4,
  "ff": 12971,
  "dsp": 75,
  "snru": 0.010037374330283129,
  "wns": 1.519,
  "tns": 0.0,
  "target_clk": 8.0,
  "achieved_clk": 6.481,
  "total_power": 2.662,
  "dynamic_power": 0.442,
  "static_power": 2.22,
  "cc": 53075735,
  "time": 343983838.53499997
}