{
  "lut": 4821,
  "ff": 3217,
  "dsp": 45,
  "bram": 1,
  "snru": 1.5308494281078924,
  "wns": 2.674,
  "tns": 0.0,
  "target_clk": 8.0,
  "achieved_clk": 5.3260000000000005,
  "total_power": 2.3,
  "dynamic_power": 0.086,
  "static_power": 2.214,
  "cc": 630,
  "time": 3355.38
}