{
  "lut": 4179,
  "bram": 6,
  "ff": 3037,
  "dsp": 47,
  "snru": 0.004166219281205803,
  "wns": 1.858,
  "tns": 0.0,
  "target_clk": 8.0,
  "achieved_clk": 6.142,
  "total_power": 2.331,
  "dynamic_power": 0.117,
  "static_power": 2.214,
  "cc": 15059,
  "time": 92492.37800000001
}