{
  "lut": 26194,
  "ff": 17974,
  "dsp": 11,
  "bram": 0,
  "snru": 0.010552028193240491,
  "wns": 1.501,
  "tns": 0.0,
  "target_clk": 8.0,
  "achieved_clk": 6.4990000000000006,
  "total_power": 2.732,
  "dynamic_power": 0.511,
  "static_power": 2.221,
  "cc": -1,
  "time": -1.0
}