{
  "lut": 6082,
  "ff": 8117,
  "dsp": 0,
  "bram": 12,
  "snru": 0.004024392142594924,
  "wns": 3.036,
  "tns": 0.0,
  "target_clk": 8.0,
  "achieved_clk": 4.964,
  "total_power": 2.302,
  "dynamic_power": 0.088,
  "static_power": 2.214,
  "cc": 97652,
  "time": 484744.52800000005
}