{
  "lut": 43580,
  "ff": 58977,
  "dsp": 39,
  "bram": 0,
  "snru": 0.022594333041719955,
  "wns": 1.198,
  "tns": 0.0,
  "target_clk": 8.0,
  "achieved_clk": 6.802,
  "total_power": 2.806,
  "dynamic_power": 0.583,
  "static_power": 2.222,
  "cc": 35137,
  "time": 239001.87399999998
}