{
  "lut": 9422,
  "ff": 1419,
  "dsp": 3,
  "bram": 0,
  "snru": 1.2126990224290655,
  "wns": 1.334,
  "tns": 0.0,
  "target_clk": 8.0,
  "achieved_clk": 6.666,
  "total_power": 2.289,
  "dynamic_power": 0.076,
  "static_power": 2.213,
  "cc": 2972,
  "time": 19811.352000000003
}