{
  "lut": 2195,
  "ff": 1310,
  "dsp": 6,
  "bram": 0,
  "snru": 0.001069403243569703,
  "wns": 2.948,
  "tns": 0.0,
  "target_clk": 8.0,
  "achieved_clk": 5.052,
  "total_power": 2.244,
  "dynamic_power": 0.031,
  "static_power": 2.213,
  "cc": 2344,
  "time": 11841.887999999999
}