{
  "lut": 6270,
  "bram": 3,
  "ff": 4140,
  "dsp": 54,
  "snru": 1.9756383351265758,
  "wns": 2.187,
  "tns": 0.0,
  "target_clk": 8.0,
  "achieved_clk": 5.813,
  "total_power": 2.334,
  "dynamic_power": 0.119,
  "static_power": 2.214,
  "cc": 684,
  "time": 3976.0919999999996
}