{
  "lut": 27042,
  "ff": 16828,
  "dsp": 0,
  "bram": 10,
  "snru": 4.4395715334591985,
  "wns": 0.738,
  "tns": 0.0,
  "target_clk": 8.0,
  "achieved_clk": 7.2620000000000005,
  "total_power": 2.671,
  "dynamic_power": 0.451,
  "static_power": 2.22,
  "cc": 26083,
  "time": 189414.746
}