{
  "lut": 10270,
  "ff": 6675,
  "dsp": 123,
  "bram": 5,
  "wns": 0.278,
  "tns": 0,
  "target_clk": 8.0,
  "achieved_clk": 7.7219999999999995,
  "total_power": 2.407,
  "dynamic_power": 0.191,
  "static_power": 2.216,
  "cc": 2376,
  "time": 18347.471999999998
}