{
  "lut": 28475,
  "ff": 18178,
  "dsp": 0,
  "bram": 10,
  "snru": 4.681403398363751,
  "wns": 0.831,
  "tns": 0.0,
  "target_clk": 8.0,
  "achieved_clk": 7.1690000000000005,
  "total_power": 2.698,
  "dynamic_power": 0.478,
  "static_power": 2.221,
  "cc": 26495,
  "time": 189942.655
}