{
  "lut": 49799,
  "ff": 83543,
  "dsp": 88,
  "bram": 0,
  "snru": 11.983553819691156,
  "wns": 0.815,
  "tns": 0.0,
  "target_clk": 8.0,
  "achieved_clk": 7.1850000000000005,
  "total_power": 2.737,
  "dynamic_power": 0.515,
  "static_power": 2.221,
  "cc": 35545,
  "time": 255390.825
}