{
  "lut": 15027,
  "bram": 6,
  "ff": 11349,
  "dsp": 49,
  "snru": 3.42136372498765,
  "wns": 1.816,
  "tns": 0.0,
  "target_clk": 8.0,
  "achieved_clk": 6.184,
  "total_power": 2.597,
  "dynamic_power": 0.378,
  "static_power": 2.219,
  "cc": 48975959,
  "time": 302867330.45600003
}