{
  "lut": 6191,
  "ff": 3978,
  "dsp": 45,
  "bram": 2,
  "snru": 1.7688709169897887,
  "wns": 2.559,
  "tns": 0.0,
  "target_clk": 8.0,
  "achieved_clk": 5.441,
  "total_power": 2.317,
  "dynamic_power": 0.103,
  "static_power": 2.214,
  "cc": 543,
  "time": 2954.4629999999997
}