{
  "lut": 881,
  "ff": 987,
  "dsp": 11,
  "bram": 0,
  "snru": 0.0008562396010965848,
  "wns": 2.126,
  "tns": 0.0,
  "target_clk": 8.0,
  "achieved_clk": 5.8740000000000006,
  "total_power": 2.246,
  "dynamic_power": 0.033,
  "static_power": 2.213,
  "cc": 2990225,
  "time": 17564581.650000002
}