{
  "lut": 20693,
  "ff": 14248,
  "dsp": 0,
  "bram": 10,
  "snru": 0.008908044564191316,
  "wns": 1.379,
  "tns": 0.0,
  "target_clk": 8.0,
  "achieved_clk": 6.621,
  "total_power": 2.688,
  "dynamic_power": 0.467,
  "static_power": 2.22,
  "cc": 31468,
  "time": 208349.62800000003
}