{
  "lut": 2137,
  "bram": 0,
  "ff": 1437,
  "dsp": 6,
  "snru": 0.0010709806572995122,
  "wns": 2.211,
  "tns": 0.0,
  "target_clk": 8.0,
  "achieved_clk": 5.789,
  "total_power": 2.242,
  "dynamic_power": 0.03,
  "static_power": 2.213,
  "cc": 4784,
  "time": 27694.575999999997
}