{
  "lut": 7371,
  "bram": 0,
  "ff": 1636,
  "dsp": 6,
  "snru": 0.0026006417714698497,
  "wns": 3.081,
  "tns": 0.0,
  "target_clk": 8.0,
  "achieved_clk": 4.919,
  "total_power": 2.263,
  "dynamic_power": 0.05,
  "static_power": 2.213,
  "cc": 6057,
  "time": 29794.382999999998
}