{
  "lut": 6335,
  "ff": 4076,
  "dsp": 33,
  "bram": 0,
  "snru": 1.5149944045758135,
  "wns": 1.773,
  "tns": 0.0,
  "target_clk": 8.0,
  "achieved_clk": 6.227,
  "total_power": 2.431,
  "dynamic_power": 0.215,
  "static_power": 2.216,
  "cc": 262913,
  "time": 1637159.2510000002
}