{
  "lut": 5980,
  "bram": 4,
  "ff": 3693,
  "dsp": 0,
  "snru": 0.002616683547042165,
  "wns": 3.634,
  "tns": 0.0,
  "target_clk": 8.0,
  "achieved_clk": 4.366,
  "total_power": 2.314,
  "dynamic_power": 0.1,
  "static_power": 2.214,
  "cc": 1722,
  "time": 7518.2519999999995
}