{
  "lut": 2861,
  "bram": 4,
  "ff": 2245,
  "dsp": 40,
  "snru": 0.003194609080531815,
  "wns": 4.599,
  "tns": 0.0,
  "target_clk": 8.0,
  "achieved_clk": 3.401,
  "total_power": 2.276,
  "dynamic_power": 0.062,
  "static_power": 2.213,
  "cc": 1299,
  "time": 4417.898999999999
}