{
  "lut": 4759,
  "ff": 3593,
  "dsp": 40,
  "bram": 0,
  "snru": 0.003560241291566008,
  "wns": 2.842,
  "tns": 0.0,
  "target_clk": 8.0,
  "achieved_clk": 5.1579999999999995,
  "total_power": 2.286,
  "dynamic_power": 0.073,
  "static_power": 2.213,
  "cc": 1242,
  "time": 6406.235999999999
}