{
  "lut": 6131,
  "ff": 2665,
  "dsp": 12,
  "bram": 0,
  "snru": 0.0026445826894154704,
  "wns": 1.049,
  "tns": 0.0,
  "target_clk": 8.0,
  "achieved_clk": 6.9510000000000005,
  "total_power": 2.268,
  "dynamic_power": 0.055,
  "static_power": 2.213,
  "cc": 2664,
  "time": 18517.464
}