{
  "lut": 4907,
  "ff": 3281,
  "dsp": 71,
  "bram": 14,
  "snru": 0.006162113538262043,
  "wns": 1.739,
  "tns": 0.0,
  "target_clk": 8.0,
  "achieved_clk": 6.261,
  "total_power": 2.344,
  "dynamic_power": 0.13,
  "static_power": 2.214,
  "cc": 12953,
  "time": 81098.73300000001
}