{
  "lut": 18543,
  "ff": 10321,
  "dsp": 84,
  "bram": 0,
  "snru": 4.130579511273743,
  "wns": 1.528,
  "tns": 0.0,
  "target_clk": 8.0,
  "achieved_clk": 6.4719999999999995,
  "total_power": 2.515,
  "dynamic_power": 0.298,
  "static_power": 2.217,
  "cc": 4438,
  "time": 28722.735999999997
}