{
  "lut": 2664,
  "bram": 5,
  "ff": 1654,
  "dsp": 0,
  "snru": 0.0014662572765890497,
  "wns": 5.196,
  "tns": 0.0,
  "target_clk": 8.0,
  "achieved_clk": 2.804,
  "total_power": 2.238,
  "dynamic_power": 0.026,
  "static_power": 2.213,
  "cc": 2004,
  "time": 5619.215999999999
}