{
  "lut": 22640,
  "ff": 14627,
  "dsp": 59,
  "bram": 0,
  "wns": 0.56,
  "tns": 0,
  "target_clk": 8.0,
  "achieved_clk": 7.4399999999999995,
  "total_power": 2.504,
  "dynamic_power": 0.287,
  "static_power": 2.217,
  "cc": 34305,
  "time": 255229.19999999998
}