{
  "lut": 22640,
  "ff": 14627,
  "dsp": 59,
  "bram": 0,
  "snru": 0.011068897175939084,
  "wns": 1.56,
  "tns": 0.0,
  "target_clk": 8.0,
  "achieved_clk": 6.4399999999999995,
  "total_power": 2.504,
  "dynamic_power": 0.287,
  "static_power": 2.217,
  "cc": 34305,
  "time": 220924.19999999998
}