{
  "lut": 5482,
  "ff": 4980,
  "dsp": 0,
  "bram": 12,
  "snru": 0.003402460929305643,
  "wns": 1.023,
  "tns": 0.0,
  "target_clk": 8.0,
  "achieved_clk": 6.977,
  "total_power": 2.325,
  "dynamic_power": 0.111,
  "static_power": 2.214,
  "cc": 35338,
  "time": 246553.22600000002
}