{
  "lut": 18475,
  "ff": 23818,
  "dsp": 49,
  "bram": 4,
  "snru": 0.011144362578412066,
  "wns": 1.427,
  "tns": 0.0,
  "target_clk": 8.0,
  "achieved_clk": 6.573,
  "total_power": 2.679,
  "dynamic_power": 0.458,
  "static_power": 2.22,
  "cc": 49163735,
  "time": 323153230.15500003
}