{
  "lut": 4762,
  "ff": 3597,
  "dsp": 0,
  "bram": 7,
  "snru": 0.002532609443832599,
  "wns": 3.563,
  "tns": 0.0,
  "target_clk": 8.0,
  "achieved_clk": 4.436999999999999,
  "total_power": 2.264,
  "dynamic_power": 0.051,
  "static_power": 2.213,
  "cc": 1838,
  "time": 8155.205999999999
}