{
  "lut": 31213,
  "ff": 10307,
  "dsp": 85,
  "bram": 0,
  "snru": 0.014000231477369618,
  "wns": 1.847,
  "tns": 0.0,
  "target_clk": 8.0,
  "achieved_clk": 6.1530000000000005,
  "total_power": 2.759,
  "dynamic_power": 0.537,
  "static_power": 2.222,
  "cc": 48001,
  "time": 295350.15300000005
}