{
  "lut": 31213,
  "ff": 10307,
  "dsp": 85,
  "bram": 0,
  "wns": 0.847,
  "tns": 0,
  "target_clk": 8.0,
  "achieved_clk": 7.1530000000000005,
  "total_power": 2.759,
  "dynamic_power": 0.537,
  "static_power": 2.222,
  "cc": 48001,
  "time": 343351.15300000005
}