{
  "lut": 6510,
  "bram": 0,
  "ff": 7972,
  "dsp": 11,
  "snru": 0.0034723085713609016,
  "wns": 2.683,
  "tns": 0.0,
  "target_clk": 8.0,
  "achieved_clk": 5.317,
  "total_power": 2.351,
  "dynamic_power": 0.136,
  "static_power": 2.215,
  "cc": 1532040,
  "time": 8145856.680000001
}