{
  "lut": 935,
  "ff": 1142,
  "dsp": 11,
  "bram": 0,
  "snru": 0.0008939541293638388,
  "wns": 2.728,
  "tns": 0.0,
  "target_clk": 8.0,
  "achieved_clk": 5.272,
  "total_power": 2.248,
  "dynamic_power": 0.035,
  "static_power": 2.213,
  "cc": 2990221,
  "time": 15764445.112000002
}