{
  "lut": 12886,
  "ff": 7296,
  "dsp": 119,
  "bram": 10,
  "snru": 4.268148756234055,
  "wns": 1.339,
  "tns": 0.0,
  "target_clk": 8.0,
  "achieved_clk": 6.661,
  "total_power": 2.325,
  "dynamic_power": 0.111,
  "static_power": 2.214,
  "cc": 2101,
  "time": 13994.760999999999
}