{
  "lut": 1617,
  "ff": 1376,
  "dsp": 12,
  "bram": 0,
  "snru": 0.0011651120121026952,
  "wns": 2.297,
  "tns": 0.0,
  "target_clk": 8.0,
  "achieved_clk": 5.702999999999999,
  "total_power": 2.249,
  "dynamic_power": 0.036,
  "static_power": 2.213,
  "cc": 2506,
  "time": 14291.717999999999
}