{
  "lut": 4341,
  "bram": 7,
  "ff": 1451,
  "dsp": 0,
  "snru": 0.0021041265143171804,
  "wns": 3.666,
  "tns": 0.0,
  "target_clk": 8.0,
  "achieved_clk": 4.334,
  "total_power": 2.251,
  "dynamic_power": 0.038,
  "static_power": 2.213,
  "cc": 1740,
  "time": 7541.159999999999
}