{
  "lut": 7452,
  "bram": 5,
  "ff": 3588,
  "dsp": 0,
  "snru": 0.0031168056429620307,
  "wns": 3.446,
  "tns": 0.0,
  "target_clk": 8.0,
  "achieved_clk": 4.554,
  "total_power": 2.378,
  "dynamic_power": 0.163,
  "static_power": 2.215,
  "cc": 1235,
  "time": 5624.1900000000005
}