{
  "lut": 1740,
  "ff": 1629,
  "dsp": 0,
  "bram": 14,
  "snru": 0.00203472031020558,
  "wns": 4.457,
  "tns": 0.0,
  "target_clk": 8.0,
  "achieved_clk": 3.543,
  "total_power": 2.24,
  "dynamic_power": 0.027,
  "static_power": 2.213,
  "cc": 127042,
  "time": 450109.80600000004
}