{
  "lut": 6201,
  "bram": 2,
  "ff": 3625,
  "dsp": 44,
  "snru": 1.7329687954654651,
  "wns": 2.714,
  "tns": 0.0,
  "target_clk": 8.0,
  "achieved_clk": 5.286,
  "total_power": 2.313,
  "dynamic_power": 0.099,
  "static_power": 2.214,
  "cc": 816,
  "time": 4313.375999999999
}