{
  "lut": 15376,
  "bram": 6,
  "ff": 11408,
  "dsp": 49,
  "snru": 0.008661964057329625,
  "wns": 1.573,
  "tns": 0.0,
  "target_clk": 8.0,
  "achieved_clk": 6.427,
  "total_power": 2.596,
  "dynamic_power": 0.377,
  "static_power": 2.219,
  "cc": 49163735,
  "time": 315975324.84499997
}