{
  "lut": 9711,
  "ff": 11896,
  "dsp": 0,
  "bram": 7,
  "snru": 2.05683278267254,
  "wns": 3.118,
  "tns": 0.0,
  "target_clk": 8.0,
  "achieved_clk": 4.882,
  "total_power": 2.418,
  "dynamic_power": 0.203,
  "static_power": 2.216,
  "cc": 1994,
  "time": 9734.707999999999
}