{
  "lut": 6241,
  "ff": 4078,
  "dsp": 33,
  "bram": 0,
  "snru": 0.003760813379280944,
  "wns": 1.717,
  "tns": 0.0,
  "target_clk": 8.0,
  "achieved_clk": 6.2829999999999995,
  "total_power": 2.433,
  "dynamic_power": 0.218,
  "static_power": 2.216,
  "cc": 262913,
  "time": 1651882.379
}