{
  "lut": 1463,
  "ff": 1595,
  "dsp": 0,
  "bram": 5,
  "snru": 0.0011133468048563039,
  "wns": 5.369,
  "tns": 0.0,
  "target_clk": 8.0,
  "achieved_clk": 2.6310000000000002,
  "total_power": 2.236,
  "dynamic_power": 0.023,
  "static_power": 2.213,
  "cc": 2272,
  "time": 5977.6320000000005
}