{
  "lut": 2098,
  "ff": 1658,
  "dsp": 0,
  "bram": 14,
  "snru": 0.0021415542400881056,
  "wns": 4.366,
  "tns": 0.0,
  "target_clk": 8.0,
  "achieved_clk": 3.6340000000000003,
  "total_power": 2.24,
  "dynamic_power": 0.027,
  "static_power": 2.213,
  "cc": 126292,
  "time": 458945.128
}