{
  "lut": 37454,
  "ff": 24015,
  "dsp": 11,
  "bram": 0,
  "snru": 0.014647711242065748,
  "wns": 0.64,
  "tns": 0.0,
  "target_clk": 8.0,
  "achieved_clk": 7.36,
  "total_power": 2.941,
  "dynamic_power": 0.716,
  "static_power": 2.225,
  "cc": 915713,
  "time": 6739647.680000001
}