{
  "lut": 21020,
  "ff": 24467,
  "dsp": 57,
  "bram": 6,
  "snru": 0.012489375751766174,
  "wns": 1.757,
  "tns": 0.0,
  "target_clk": 8.0,
  "achieved_clk": 6.243,
  "total_power": 2.654,
  "dynamic_power": 0.434,
  "static_power": 2.22,
  "cc": 42802497,
  "time": 267215988.77100003
}