{
  "lut": 7856,
  "ff": 6949,
  "dsp": 0,
  "bram": 6,
  "snru": 1.5230605595762534,
  "wns": 3.986,
  "tns": 0.0,
  "target_clk": 8.0,
  "achieved_clk": 4.013999999999999,
  "total_power": 2.347,
  "dynamic_power": 0.133,
  "static_power": 2.214,
  "cc": 1839,
  "time": 7381.745999999999
}