{
  "lut": 6203,
  "bram": 0,
  "ff": 4074,
  "dsp": 33,
  "snru": 1.4997365117711146,
  "wns": 1.584,
  "tns": 0.0,
  "target_clk": 8.0,
  "achieved_clk": 6.416,
  "total_power": 2.432,
  "dynamic_power": 0.216,
  "static_power": 2.216,
  "cc": 262913,
  "time": 1686849.8080000002
}