{
  "lut": 2279,
  "ff": 1619,
  "dsp": 12,
  "bram": 0,
  "wns": 0.238,
  "tns": 0,
  "target_clk": 8.0,
  "achieved_clk": 7.7620000000000005,
  "total_power": 2.252,
  "dynamic_power": 0.039,
  "static_power": 2.213,
  "cc": 3419,
  "time": 26538.278000000002
}