{
  "lut": 4459,
  "ff": 3652,
  "dsp": 0,
  "bram": 15,
  "snru": 0.0031976429751415987,
  "wns": 3.897,
  "tns": 0.0,
  "target_clk": 8.0,
  "achieved_clk": 4.103,
  "total_power": 2.279,
  "dynamic_power": 0.066,
  "static_power": 2.213,
  "cc": 1381,
  "time": 5666.2429999999995
}