{
  "lut": 4156,
  "ff": 3343,
  "dsp": 45,
  "bram": 1,
  "snru": 0.003654468467479716,
  "wns": 2.956,
  "tns": 0.0,
  "target_clk": 8.0,
  "achieved_clk": 5.0440000000000005,
  "total_power": 2.298,
  "dynamic_power": 0.085,
  "static_power": 2.214,
  "cc": 655,
  "time": 3303.82
}