{
  "lut": 474,
  "ff": 405,
  "dsp": 3,
  "bram": 0,
  "snru": 0.12801198131305952,
  "wns": 2.706,
  "tns": 0.0,
  "target_clk": 8.0,
  "achieved_clk": 5.2940000000000005,
  "total_power": 2.223,
  "dynamic_power": 0.011,
  "static_power": 2.212,
  "cc": 8411,
  "time": 44527.834
}