{
  "lut": 5744,
  "bram": 1,
  "ff": 5215,
  "dsp": 62,
  "snru": 2.0369614668554648,
  "wns": 3.323,
  "tns": 0.0,
  "target_clk": 8.0,
  "achieved_clk": 4.677,
  "total_power": 2.335,
  "dynamic_power": 0.121,
  "static_power": 2.214,
  "cc": 1272,
  "time": 5949.143999999999
}