{
  "lut": 18148,
  "ff": 9057,
  "dsp": 6,
  "bram": 0,
  "snru": 2.702277174814078,
  "wns": 0.653,
  "tns": 0.0,
  "target_clk": 8.0,
  "achieved_clk": 7.3469999999999995,
  "total_power": 2.336,
  "dynamic_power": 0.122,
  "static_power": 2.214,
  "cc": 2558,
  "time": 18793.626
}