{
  "lut": 26383,
  "ff": 15806,
  "dsp": 163,
  "bram": 20,
  "snru": 7.415947043518274,
  "wns": 0.55,
  "tns": 0.0,
  "target_clk": 8.0,
  "achieved_clk": 7.45,
  "total_power": 2.84,
  "dynamic_power": 0.617,
  "static_power": 2.223,
  "cc": 19794,
  "time": 147465.30000000002
}