{
  "lut": 1591,
  "ff": 934,
  "dsp": 3,
  "bram": 0,
  "snru": 0.2864990407844252,
  "wns": 1.823,
  "tns": 0.0,
  "target_clk": 8.0,
  "achieved_clk": 6.177,
  "total_power": 2.233,
  "dynamic_power": 0.02,
  "static_power": 2.212,
  "cc": 4450,
  "time": 27487.649999999998
}