{
  "lut": 4404,
  "ff": 3250,
  "dsp": 0,
  "bram": 5,
  "snru": 0.8776648049087477,
  "wns": 4.209,
  "tns": 0.0,
  "target_clk": 8.0,
  "achieved_clk": 3.7910000000000004,
  "total_power": 2.276,
  "dynamic_power": 0.062,
  "static_power": 2.213,
  "cc": 1639,
  "time": 6213.4490000000005
}