{
  "lut": 6619,
  "ff": 2364,
  "dsp": 72,
  "bram": 0,
  "snru": 2.104615928899626,
  "wns": 2.02,
  "tns": 0.0,
  "target_clk": 8.0,
  "achieved_clk": 5.98,
  "total_power": 2.392,
  "dynamic_power": 0.177,
  "static_power": 2.215,
  "cc": 828,
  "time": 4951.4400000000005
}