{
  "lut": 1529,
  "ff": 1698,
  "dsp": 0,
  "bram": 7,
  "snru": 0.5332232011747431,
  "wns": 5.121,
  "tns": 0.0,
  "target_clk": 8.0,
  "achieved_clk": 2.8789999999999996,
  "total_power": 2.244,
  "dynamic_power": 0.031,
  "static_power": 2.213,
  "cc": 2634,
  "time": 7583.285999999999
}