{
  "lut": 16688,
  "ff": 12604,
  "dsp": 60,
  "bram": 21,
  "snru": 4.426750272369855,
  "wns": 1.486,
  "tns": 0.0,
  "target_clk": 8.0,
  "achieved_clk": 6.514,
  "total_power": 2.668,
  "dynamic_power": 0.448,
  "static_power": 2.22,
  "cc": 40985047,
  "time": 266976596.15800002
}