{
  "lut": 5731,
  "bram": 1,
  "ff": 3773,
  "dsp": 44,
  "snru": 0.004125842247736454,
  "wns": 2.209,
  "tns": 0.0,
  "target_clk": 8.0,
  "achieved_clk": 5.791,
  "total_power": 2.304,
  "dynamic_power": 0.09,
  "static_power": 2.214,
  "cc": 818,
  "time": 4737.0380000000005
}