{
  "lut": 4227,
  "ff": 3239,
  "dsp": 49,
  "bram": 4,
  "snru": 1.642778529896398,
  "wns": 4.136,
  "tns": 0.0,
  "target_clk": 8.0,
  "achieved_clk": 3.864,
  "total_power": 2.307,
  "dynamic_power": 0.093,
  "static_power": 2.214,
  "cc": 1303,
  "time": 5034.7919999999995
}