{
  "lut": 11249,
  "bram": 6,
  "ff": 7575,
  "dsp": 0,
  "snru": 0.004870541450335641,
  "wns": 3.103,
  "tns": 0.0,
  "target_clk": 8.0,
  "achieved_clk": 4.897,
  "total_power": 2.421,
  "dynamic_power": 0.205,
  "static_power": 2.216,
  "cc": 1721,
  "time": 8427.737000000001
}