{
  "lut": 2198,
  "ff": 1720,
  "dsp": 0,
  "bram": 12,
  "snru": 0.7972453849381161,
  "wns": 4.606,
  "tns": 0.0,
  "target_clk": 8.0,
  "achieved_clk": 3.394,
  "total_power": 2.254,
  "dynamic_power": 0.041,
  "static_power": 2.213,
  "cc": 97908,
  "time": 332299.75200000004
}