{
  "lut": 7293,
  "ff": 5168,
  "dsp": 73,
  "bram": 4,
  "snru": 0.006270968302323772,
  "wns": 2.264,
  "tns": 0.0,
  "target_clk": 8.0,
  "achieved_clk": 5.736000000000001,
  "total_power": 2.348,
  "dynamic_power": 0.134,
  "static_power": 2.214,
  "cc": 1170,
  "time": 6711.120000000001
}