{
  "lut": 15835,
  "bram": 0,
  "ff": 8744,
  "dsp": 12,
  "snru": 0.006299450301383166,
  "wns": 1.003,
  "tns": 0.0,
  "target_clk": 8.0,
  "achieved_clk": 6.997,
  "total_power": 2.333,
  "dynamic_power": 0.119,
  "static_power": 2.214,
  "cc": 1317,
  "time": 9215.048999999999
}