{
  "lut": 4256,
  "ff": 3025,
  "dsp": 0,
  "bram": 9,
  "snru": 0.9965895086007971,
  "wns": 4.262,
  "tns": 0.0,
  "target_clk": 8.0,
  "achieved_clk": 3.7380000000000004,
  "total_power": 2.277,
  "dynamic_power": 0.064,
  "static_power": 2.213,
  "cc": 1539,
  "time": 5752.782000000001
}