{
  "lut": 6340,
  "ff": 3792,
  "dsp": 11,
  "bram": 0,
  "snru": 0.0028241349296575244,
  "wns": 1.706,
  "tns": 0.0,
  "target_clk": 8.0,
  "achieved_clk": 6.2940000000000005,
  "total_power": 2.376,
  "dynamic_power": 0.161,
  "static_power": 2.215,
  "cc": -1,
  "time": -1.0
}