{
  "lut": 7326,
  "ff": 4098,
  "dsp": 33,
  "bram": 0,
  "snru": 1.629944845104448,
  "wns": 2.073,
  "tns": 0.0,
  "target_clk": 8.0,
  "achieved_clk": 5.927,
  "total_power": 2.435,
  "dynamic_power": 0.219,
  "static_power": 2.216,
  "cc": 262913,
  "time": 1558285.3509999998
}