{
  "lut": 4034,
  "ff": 3315,
  "dsp": 44,
  "bram": 1,
  "snru": 1.4293842559227756,
  "wns": 3.357,
  "tns": 0.0,
  "target_clk": 8.0,
  "achieved_clk": 4.643,
  "total_power": 2.288,
  "dynamic_power": 0.075,
  "static_power": 2.213,
  "cc": 948,
  "time": 4401.563999999999
}