{
  "lut": 530,
  "ff": 438,
  "dsp": 3,
  "bram": 0,
  "snru": 0.0003408231342664961,
  "wns": 2.56,
  "tns": 0.0,
  "target_clk": 8.0,
  "achieved_clk": 5.4399999999999995,
  "total_power": 2.225,
  "dynamic_power": 0.013,
  "static_power": 2.212,
  "cc": 8359,
  "time": 45472.96
}