{
  "lut": 15959,
  "bram": 6,
  "ff": 11944,
  "dsp": 49,
  "snru": 0.008906032981705541,
  "wns": 1.756,
  "tns": 0.0,
  "target_clk": 8.0,
  "achieved_clk": 6.244,
  "total_power": 2.633,
  "dynamic_power": 0.413,
  "static_power": 2.22,
  "cc": 47621103,
  "time": 297346167.13199997
}