{
  "lut": 15107,
  "ff": 11203,
  "dsp": 49,
  "bram": 6,
  "snru": 3.422166771977371,
  "wns": 1.767,
  "tns": 0.0,
  "target_clk": 8.0,
  "achieved_clk": 6.2330000000000005,
  "total_power": 2.598,
  "dynamic_power": 0.379,
  "static_power": 2.219,
  "cc": 45795014,
  "time": 285440322.262
}