{
  "lut": 31594,
  "ff": 21189,
  "dsp": 51,
  "bram": 24,
  "snru": 0.01647404707029003,
  "wns": 1.158,
  "tns": 0.0,
  "target_clk": 8.0,
  "achieved_clk": 6.8420000000000005,
  "total_power": 2.476,
  "dynamic_power": 0.259,
  "static_power": 2.217,
  "cc": 80298,
  "time": 549398.9160000001
}