{
  "lut": 3514,
  "ff": 2863,
  "dsp": 18,
  "bram": 0,
  "snru": 0.8697720530765951,
  "wns": 2.558,
  "tns": 0.0,
  "target_clk": 8.0,
  "achieved_clk": 5.442,
  "total_power": 2.282,
  "dynamic_power": 0.068,
  "static_power": 2.213,
  "cc": 2523,
  "time": 13730.166000000001
}