{
  "lut": 2611,
  "bram": 0,
  "ff": 3270,
  "dsp": 22,
  "snru": 0.002141822539197575,
  "wns": 2.262,
  "tns": 0.0,
  "target_clk": 8.0,
  "achieved_clk": 5.738,
  "total_power": 2.307,
  "dynamic_power": 0.093,
  "static_power": 2.214,
  "cc": 462993,
  "time": 2656653.8340000003
}