{
  "lut": 16095,
  "ff": 6947,
  "dsp": 50,
  "bram": 0,
  "snru": 3.0849716232059112,
  "wns": 1.916,
  "tns": 0.0,
  "target_clk": 8.0,
  "achieved_clk": 6.084,
  "total_power": 2.545,
  "dynamic_power": 0.327,
  "static_power": 2.218,
  "cc": 139009,
  "time": 845730.7559999999
}