{
  "lut": 44581,
  "ff": 76340,
  "dsp": 22,
  "bram": 0,
  "snru": 9.862901005400028,
  "wns": 1.457,
  "tns": 0.0,
  "target_clk": 8.0,
  "achieved_clk": 6.543,
  "total_power": 2.669,
  "dynamic_power": 0.449,
  "static_power": 2.22,
  "cc": 147569,
  "time": 965543.9670000001
}