{
  "lut": 1461,
  "ff": 1558,
  "dsp": 0,
  "bram": 7,
  "snru": 0.5173917033773862,
  "wns": 4.799,
  "tns": 0.0,
  "target_clk": 8.0,
  "achieved_clk": 3.2009999999999996,
  "total_power": 2.243,
  "dynamic_power": 0.031,
  "static_power": 2.213,
  "cc": 2606,
  "time": 8341.805999999999
}