{
  "lut": 142168,
  "ff": 45132,
  "dsp": 264,
  "bram": 156,
  "snru": 0.07284376067909756,
  "wns": 0.013,
  "tns": 0.0,
  "target_clk": 8.0,
  "achieved_clk": 7.987,
  "total_power": 4.775,
  "dynamic_power": 2.517,
  "static_power": 2.258,
  "cc": 17715,
  "time": 141489.70500000002
}