{
  "lut": 1495,
  "ff": 1556,
  "dsp": 0,
  "bram": 7,
  "snru": 0.0013029437408223201,
  "wns": 4.722,
  "tns": 0.0,
  "target_clk": 8.0,
  "achieved_clk": 3.2779999999999996,
  "total_power": 2.245,
  "dynamic_power": 0.032,
  "static_power": 2.213,
  "cc": 2642,
  "time": 8660.475999999999
}