{
  "lut": 1495,
  "ff": 1556,
  "dsp": 0,
  "bram": 3,
  "wns": 0.722,
  "tns": 0,
  "target_clk": 8.0,
  "achieved_clk": 7.2780000000000005,
  "total_power": 2.245,
  "dynamic_power": 0.032,
  "static_power": 2.213,
  "cc": 2642,
  "time": 19228.476000000002
}