{
  "lut": 26470,
  "ff": 16891,
  "dsp": 0,
  "bram": 12,
  "snru": 4.451969595657646,
  "wns": 1.799,
  "tns": 0.0,
  "target_clk": 8.0,
  "achieved_clk": 6.2010000000000005,
  "total_power": 2.759,
  "dynamic_power": 0.537,
  "static_power": 2.222,
  "cc": 24235,
  "time": 150281.23500000002
}