{
  "lut": 12091,
  "ff": 10522,
  "dsp": 0,
  "bram": 10,
  "snru": 2.3626625760436335,
  "wns": 0.906,
  "tns": 0.0,
  "target_clk": 8.0,
  "achieved_clk": 7.094,
  "total_power": 2.405,
  "dynamic_power": 0.189,
  "static_power": 2.215,
  "cc": 44167,
  "time": 313320.69800000003
}