{
  "lut": 14853,
  "ff": 11258,
  "dsp": 49,
  "bram": 6,
  "snru": 0.008490456164524925,
  "wns": 1.924,
  "tns": 0.0,
  "target_clk": 8.0,
  "achieved_clk": 6.0760000000000005,
  "total_power": 2.601,
  "dynamic_power": 0.382,
  "static_power": 2.219,
  "cc": 48840343,
  "time": 296753924.068
}