{
  "lut": 25762,
  "ff": 15279,
  "dsp": 163,
  "bram": 20,
  "snru": 0.01828619080079275,
  "wns": 0.724,
  "tns": 0.0,
  "target_clk": 8.0,
  "achieved_clk": 7.276,
  "total_power": 2.82,
  "dynamic_power": 0.598,
  "static_power": 2.223,
  "cc": 20818,
  "time": 151471.76799999998
}