{
  "lut": 9002,
  "ff": 6254,
  "dsp": 75,
  "bram": 10,
  "snru": 3.023555445874527,
  "wns": 1.471,
  "tns": 0.0,
  "target_clk": 8.0,
  "achieved_clk": 6.529,
  "total_power": 2.339,
  "dynamic_power": 0.125,
  "static_power": 2.214,
  "cc": 6258,
  "time": 40858.481999999996
}