{
  "lut": 976,
  "ff": 991,
  "dsp": 11,
  "bram": 0,
  "snru": 0.3536237772961963,
  "wns": 2.347,
  "tns": 0.0,
  "target_clk": 8.0,
  "achieved_clk": 5.6530000000000005,
  "total_power": 2.246,
  "dynamic_power": 0.034,
  "static_power": 2.213,
  "cc": 2990225,
  "time": 16903741.925
}