{
  "lut": 8523,
  "ff": 3765,
  "dsp": 62,
  "bram": 18,
  "snru": 0.0072625971850744705,
  "wns": 1.719,
  "tns": 0.0,
  "target_clk": 8.0,
  "achieved_clk": 6.281,
  "total_power": 2.307,
  "dynamic_power": 0.093,
  "static_power": 2.214,
  "cc": 7938,
  "time": 49858.577999999994
}