{
  "lut": 120202,
  "ff": 120894,
  "dsp": 257,
  "bram": 52,
  "snru": 0.0674415845433491,
  "wns": 0.93,
  "tns": 0.0,
  "target_clk": 8.0,
  "achieved_clk": 7.07,
  "total_power": 4.501,
  "dynamic_power": 2.249,
  "static_power": 2.252,
  "cc": 17912886,
  "time": 126644104.02000001
}