{
  "lut": 14889,
  "ff": 11266,
  "dsp": 49,
  "bram": 6,
  "snru": 3.400771305751234,
  "wns": 1.658,
  "tns": 0.0,
  "target_clk": 8.0,
  "achieved_clk": 6.3420000000000005,
  "total_power": 2.596,
  "dynamic_power": 0.377,
  "static_power": 2.219,
  "cc": 48979871,
  "time": 310630341.882
}