{
  "lut": 14985,
  "ff": 11592,
  "dsp": 49,
  "bram": 6,
  "snru": 3.43048404437091,
  "wns": 1.828,
  "tns": 0.0,
  "target_clk": 8.0,
  "achieved_clk": 6.172,
  "total_power": 2.598,
  "dynamic_power": 0.379,
  "static_power": 2.219,
  "cc": 39315927,
  "time": 242657901.44399998
}