{
  "lut": 10270,
  "ff": 6675,
  "dsp": 123,
  "bram": 10,
  "snru": 0.009999055137766702,
  "wns": 1.278,
  "tns": 0.0,
  "target_clk": 8.0,
  "achieved_clk": 6.7219999999999995,
  "total_power": 2.407,
  "dynamic_power": 0.191,
  "static_power": 2.216,
  "cc": 2376,
  "time": 15971.472
}