{
  "lut": 6354,
  "ff": 4080,
  "dsp": 33,
  "bram": 0,
  "snru": 1.5174035455449764,
  "wns": 1.98,
  "tns": 0.0,
  "target_clk": 8.0,
  "achieved_clk": 6.02,
  "total_power": 2.43,
  "dynamic_power": 0.214,
  "static_power": 2.216,
  "cc": 262913,
  "time": 1582736.2599999998
}