{
  "lut": 9635,
  "ff": 7887,
  "dsp": 41,
  "bram": 0,
  "snru": 2.2465831645824452,
  "wns": 2.14,
  "tns": 0.0,
  "target_clk": 8.0,
  "achieved_clk": 5.859999999999999,
  "total_power": 2.452,
  "dynamic_power": 0.236,
  "static_power": 2.216,
  "cc": 30081,
  "time": 176274.65999999997
}