{
  "lut": 6381,
  "ff": 3870,
  "dsp": 11,
  "bram": 0,
  "snru": 0.002847079129363839,
  "wns": 1.842,
  "tns": 0.0,
  "target_clk": 8.0,
  "achieved_clk": 6.1579999999999995,
  "total_power": 2.368,
  "dynamic_power": 0.153,
  "static_power": 2.215,
  "cc": -1,
  "time": -1.0
}