{
  "lut": 1108,
  "ff": 923,
  "dsp": 11,
  "bram": 0,
  "snru": 0.3648664351522903,
  "wns": 2.574,
  "tns": 0.0,
  "target_clk": 8.0,
  "achieved_clk": 5.426,
  "total_power": 2.248,
  "dynamic_power": 0.035,
  "static_power": 2.213,
  "cc": 2728081,
  "time": 14802567.506000001
}