{
  "lut": 11661,
  "ff": 7776,
  "dsp": 99,
  "bram": 10,
  "snru": 3.8191270673041138,
  "wns": 1.576,
  "tns": 0.0,
  "target_clk": 8.0,
  "achieved_clk": 6.4239999999999995,
  "total_power": 2.367,
  "dynamic_power": 0.152,
  "static_power": 2.215,
  "cc": 2057,
  "time": 13214.168
}