{
  "lut": 1731,
  "ff": 1790,
  "dsp": 0,
  "bram": 14,
  "snru": 0.8220906754772394,
  "wns": 4.376,
  "tns": 0.0,
  "target_clk": 8.0,
  "achieved_clk": 3.6239999999999997,
  "total_power": 2.244,
  "dynamic_power": 0.031,
  "static_power": 2.213,
  "cc": 118092,
  "time": 427965.40799999994
}