{
  "lut": 18889,
  "ff": 15507,
  "dsp": 49,
  "bram": 10,
  "snru": 0.010629326752683096,
  "wns": 1.251,
  "tns": 0.0,
  "target_clk": 8.0,
  "achieved_clk": 6.7490000000000006,
  "total_power": 2.667,
  "dynamic_power": 0.447,
  "static_power": 2.22,
  "cc": 49266914,
  "time": 332502402.586
}