{
  "lut": 18496,
  "ff": 6056,
  "dsp": 9,
  "bram": 0,
  "snru": 2.6204644498128937,
  "wns": 1.6,
  "tns": 0.0,
  "target_clk": 8.0,
  "achieved_clk": 6.4,
  "total_power": 2.592,
  "dynamic_power": 0.373,
  "static_power": 2.219,
  "cc": 7064,
  "time": 45209.600000000006
}