{
  "lut": 22324,
  "ff": 16621,
  "dsp": 49,
  "bram": 6,
  "snru": 4.560887403401748,
  "wns": 1.747,
  "tns": 0.0,
  "target_clk": 8.0,
  "achieved_clk": 6.253,
  "total_power": 2.642,
  "dynamic_power": 0.422,
  "static_power": 2.22,
  "cc": 49037084,
  "time": 306628886.25200003
}