{
  "lut": 1522,
  "ff": 1576,
  "dsp": 0,
  "bram": 3,
  "wns": 0.863,
  "tns": 0,
  "target_clk": 8.0,
  "achieved_clk": 7.1370000000000005,
  "total_power": 2.244,
  "dynamic_power": 0.032,
  "static_power": 2.213,
  "cc": 2623,
  "time": 18720.351000000002
}