{
  "lut": 12417,
  "ff": 9532,
  "dsp": 39,
  "bram": 0,
  "wns": 0.56,
  "tns": 0,
  "target_clk": 8.0,
  "achieved_clk": 7.4399999999999995,
  "total_power": 2.464,
  "dynamic_power": 0.247,
  "static_power": 2.216,
  "cc": 35585,
  "time": 264752.39999999997
}