{
  "lut": 8093,
  "ff": 5272,
  "dsp": 0,
  "bram": 14,
  "snru": 0.004379187316446402,
  "wns": 2.059,
  "tns": 0.0,
  "target_clk": 8.0,
  "achieved_clk": 5.941,
  "total_power": 2.306,
  "dynamic_power": 0.092,
  "static_power": 2.214,
  "cc": 41853,
  "time": 248648.67299999998
}