{
  "lut": 6578,
  "bram": 0,
  "ff": 5661,
  "dsp": 12,
  "snru": 0.0032024135447752356,
  "wns": 1.347,
  "tns": 0.0,
  "target_clk": 8.0,
  "achieved_clk": 6.653,
  "total_power": 2.303,
  "dynamic_power": 0.089,
  "static_power": 2.214,
  "cc": 1421,
  "time": 9453.912999999999
}