{
  "lut": 6284,
  "ff": 2375,
  "dsp": 0,
  "bram": 3,
  "snru": 0.002421862708464443,
  "wns": 3.61,
  "tns": 0.0,
  "target_clk": 8.0,
  "achieved_clk": 4.390000000000001,
  "total_power": 2.329,
  "dynamic_power": 0.115,
  "static_power": 2.214,
  "cc": 1536,
  "time": 6743.040000000001
}