{
  "lut": 9131,
  "ff": 4735,
  "dsp": 105,
  "bram": 18,
  "snru": 3.752875161983935,
  "wns": 1.342,
  "tns": 0.0,
  "target_clk": 8.0,
  "achieved_clk": 6.6579999999999995,
  "total_power": 2.29,
  "dynamic_power": 0.077,
  "static_power": 2.214,
  "cc": 4567,
  "time": 30407.086
}