{
  "lut": 451,
  "ff": 366,
  "dsp": 3,
  "bram": 0,
  "snru": 0.12313633887546778,
  "wns": 2.549,
  "tns": 0.0,
  "target_clk": 8.0,
  "achieved_clk": 5.4510000000000005,
  "total_power": 2.223,
  "dynamic_power": 0.011,
  "static_power": 2.212,
  "cc": 8749,
  "time": 47690.799000000006
}