{
  "lut": 7021,
  "ff": 2170,
  "dsp": 0,
  "bram": 5,
  "snru": 1.1159403188588208,
  "wns": 3.786,
  "tns": 0.0,
  "target_clk": 8.0,
  "achieved_clk": 4.214,
  "total_power": 2.24,
  "dynamic_power": 0.027,
  "static_power": 2.213,
  "cc": 1689,
  "time": 7117.446000000001
}