{
  "lut": 9366,
  "bram": 0,
  "ff": 2449,
  "dsp": 6,
  "snru": 0.0032893979664037703,
  "wns": 1.874,
  "tns": 0.0,
  "target_clk": 8.0,
  "achieved_clk": 6.126,
  "total_power": 2.322,
  "dynamic_power": 0.108,
  "static_power": 2.214,
  "cc": 2781,
  "time": 17036.406000000003
}