{
  "lut": 2583,
  "bram": 3,
  "ff": 2234,
  "dsp": 0,
  "snru": 0.0013401870935598908,
  "wns": 5.292,
  "tns": 0.0,
  "target_clk": 8.0,
  "achieved_clk": 2.708,
  "total_power": 2.24,
  "dynamic_power": 0.028,
  "static_power": 2.213,
  "cc": 2261,
  "time": 6122.7880000000005
}