{
  "lut": 123124,
  "ff": 57136,
  "dsp": 370,
  "bram": 20,
  "snru": 24.362703177761087,
  "wns": 0.179,
  "tns": 0.0,
  "target_clk": 8.0,
  "achieved_clk": 7.821,
  "total_power": 3.719,
  "dynamic_power": 1.481,
  "static_power": 2.238,
  "cc": 13838,
  "time": 108226.99799999999
}