{
  "lut": 6951,
  "ff": 2813,
  "dsp": 6,
  "bram": 0,
  "snru": 1.0595871968405095,
  "wns": 0.534,
  "tns": 0.0,
  "target_clk": 8.0,
  "achieved_clk": 7.466,
  "total_power": 2.26,
  "dynamic_power": 0.047,
  "static_power": 2.213,
  "cc": 2496,
  "time": 18635.136000000002
}