{
  "lut": 38945,
  "ff": 41961,
  "dsp": 208,
  "bram": 0,
  "snru": 10.369336853417648,
  "wns": 1.201,
  "tns": 0.0,
  "target_clk": 8.0,
  "achieved_clk": 6.7989999999999995,
  "total_power": 2.795,
  "dynamic_power": 0.573,
  "static_power": 2.222,
  "cc": 2428,
  "time": 16507.971999999998
}