{
  "lut": 12138,
  "ff": 7799,
  "dsp": 143,
  "bram": 14,
  "snru": 4.7632251107242665,
  "wns": 1.331,
  "tns": 0.0,
  "target_clk": 8.0,
  "achieved_clk": 6.6690000000000005,
  "total_power": 2.373,
  "dynamic_power": 0.158,
  "static_power": 2.215,
  "cc": 2783,
  "time": 18559.827
}