{
  "lut": 881,
  "ff": 988,
  "dsp": 11,
  "bram": 0,
  "snru": 0.3425532009378997,
  "wns": 2.344,
  "tns": 0.0,
  "target_clk": 8.0,
  "achieved_clk": 5.656000000000001,
  "total_power": 2.247,
  "dynamic_power": 0.034,
  "static_power": 2.213,
  "cc": 2990225,
  "time": 16912712.6
}