{
  "lut": 8931,
  "ff": 5450,
  "dsp": 70,
  "bram": 14,
  "snru": 3.0340965610345316,
  "wns": 0.767,
  "tns": 0.0,
  "target_clk": 8.0,
  "achieved_clk": 7.233,
  "total_power": 2.33,
  "dynamic_power": 0.116,
  "static_power": 2.214,
  "cc": 5893,
  "time": 42624.068999999996
}