{
  "lut": 20406,
  "ff": 15446,
  "dsp": 49,
  "bram": 6,
  "snru": 0.01068363485395224,
  "wns": 1.031,
  "tns": 0.0,
  "target_clk": 8.0,
  "achieved_clk": 6.969,
  "total_power": 2.794,
  "dynamic_power": 0.572,
  "static_power": 2.222,
  "cc": 48496087,
  "time": 337969230.30300003
}