{
  "lut": 166720,
  "ff": 777393,
  "dsp": 11,
  "bram": 0,
  "snru": 0.15975686827216853,
  "wns": 0.137,
  "tns": 0.0,
  "target_clk": 8.0,
  "achieved_clk": 7.8629999999999995,
  "total_power": 4.682,
  "dynamic_power": 2.427,
  "static_power": 2.255,
  "cc": -1,
  "time": -1.0
}