{
  "lut": 2588,
  "bram": 0,
  "ff": 2080,
  "dsp": 9,
  "snru": 0.001418543650229738,
  "wns": 1.661,
  "tns": 0.0,
  "target_clk": 8.0,
  "achieved_clk": 6.339,
  "total_power": 2.237,
  "dynamic_power": 0.025,
  "static_power": 2.213,
  "cc": 1603,
  "time": 10161.417000000001
}