{
  "lut": 109655,
  "ff": 58273,
  "dsp": 225,
  "bram": 268,
  "snru": 0.07418194874604134,
  "wns": 0.331,
  "tns": 0.0,
  "target_clk": 8.0,
  "achieved_clk": 7.669,
  "total_power": 3.655,
  "dynamic_power": 1.417,
  "static_power": 2.238,
  "cc": 17462,
  "time": 133916.07799999998
}