{
  "lut": 2843,
  "bram": 3,
  "ff": 1499,
  "dsp": 0,
  "snru": 0.0013093558252045313,
  "wns": 4.139,
  "tns": 0.0,
  "target_clk": 8.0,
  "achieved_clk": 3.861,
  "total_power": 2.245,
  "dynamic_power": 0.033,
  "static_power": 2.213,
  "cc": 1503,
  "time": 5803.0830000000005
}