{
  "lut": 14976,
  "ff": 11400,
  "dsp": 49,
  "bram": 22,
  "snru": 4.01367643476319,
  "wns": 1.853,
  "tns": 0.0,
  "target_clk": 8.0,
  "achieved_clk": 6.147,
  "total_power": 2.605,
  "dynamic_power": 0.386,
  "static_power": 2.219,
  "cc": 48496087,
  "time": 298105446.78900003
}