{
  "lut": 4664,
  "ff": 3619,
  "dsp": 45,
  "bram": 1,
  "snru": 0.0038397428801082035,
  "wns": 2.749,
  "tns": 0.0,
  "target_clk": 8.0,
  "achieved_clk": 5.2509999999999994,
  "total_power": 2.303,
  "dynamic_power": 0.089,
  "static_power": 2.214,
  "cc": 665,
  "time": 3491.9149999999995
}