{
  "lut": 6271,
  "ff": 4073,
  "dsp": 33,
  "bram": 0,
  "snru": 0.0037687004479299894,
  "wns": 1.977,
  "tns": 0.0,
  "target_clk": 8.0,
  "achieved_clk": 6.023,
  "total_power": 2.384,
  "dynamic_power": 0.169,
  "static_power": 2.215,
  "cc": 263169,
  "time": 1585066.8869999999
}