{
  "lut": 3089,
  "bram": 5,
  "ff": 1747,
  "dsp": 0,
  "snru": 0.6405938614432557,
  "wns": 3.802,
  "tns": 0.0,
  "target_clk": 8.0,
  "achieved_clk": 4.198,
  "total_power": 2.256,
  "dynamic_power": 0.043,
  "static_power": 2.213,
  "cc": 1786,
  "time": 7497.628000000001
}