{
  "lut": 11354,
  "ff": 7279,
  "dsp": 61,
  "bram": 0,
  "snru": 2.7449348828809623,
  "wns": 2.036,
  "tns": 0.0,
  "target_clk": 8.0,
  "achieved_clk": 5.964,
  "total_power": 2.589,
  "dynamic_power": 0.37,
  "static_power": 2.219,
  "cc": 78593,
  "time": 468728.65200000006
}