{
  "lut": 13229,
  "bram": 14,
  "ff": 9001,
  "dsp": 105,
  "snru": 4.318892180024632,
  "wns": 0.398,
  "tns": 0.0,
  "target_clk": 8.0,
  "achieved_clk": 7.602,
  "total_power": 2.329,
  "dynamic_power": 0.115,
  "static_power": 2.214,
  "cc": 1341,
  "time": 10194.282000000001
}