{
  "lut": 6158,
  "ff": 3299,
  "dsp": 42,
  "bram": 0,
  "snru": 1.601329357325565,
  "wns": 1.826,
  "tns": 0.0,
  "target_clk": 8.0,
  "achieved_clk": 6.1739999999999995,
  "total_power": 2.305,
  "dynamic_power": 0.091,
  "static_power": 2.214,
  "cc": 4959,
  "time": 30616.865999999998
}