{
  "lut": 15253,
  "ff": 11403,
  "dsp": 49,
  "bram": 6,
  "snru": 3.450388137616138,
  "wns": 1.461,
  "tns": 0.0,
  "target_clk": 8.0,
  "achieved_clk": 6.539,
  "total_power": 2.607,
  "dynamic_power": 0.388,
  "static_power": 2.219,
  "cc": 49163735,
  "time": 321481663.16499996
}