{
  "lut": 15034,
  "ff": 11677,
  "dsp": 49,
  "bram": 6,
  "snru": 3.440981015736549,
  "wns": 1.823,
  "tns": 0.0,
  "target_clk": 8.0,
  "achieved_clk": 6.177,
  "total_power": 2.602,
  "dynamic_power": 0.383,
  "static_power": 2.219,
  "cc": 49019969,
  "time": 302796348.51299995
}