{
  "lut": 60843,
  "ff": 40277,
  "dsp": 208,
  "bram": 0,
  "snru": 12.784902198498413,
  "wns": 0.914,
  "tns": 0.0,
  "target_clk": 8.0,
  "achieved_clk": 7.086,
  "total_power": 3.348,
  "dynamic_power": 1.116,
  "static_power": 2.232,
  "cc": 2437,
  "time": 17268.582000000002
}