{
  "lut": 5775,
  "ff": 3046,
  "dsp": 0,
  "bram": 7,
  "snru": 0.0027441262848751837,
  "wns": 3.026,
  "tns": 0.0,
  "target_clk": 8.0,
  "achieved_clk": 4.974,
  "total_power": 2.247,
  "dynamic_power": 0.034,
  "static_power": 2.213,
  "cc": 1594,
  "time": 7928.5560000000005
}