{
  "lut": 1284,
  "ff": 920,
  "dsp": 3,
  "bram": 0,
  "snru": 0.2504766472455118,
  "wns": 2.251,
  "tns": 0.0,
  "target_clk": 8.0,
  "achieved_clk": 5.7490000000000006,
  "total_power": 2.221,
  "dynamic_power": 0.009,
  "static_power": 2.212,
  "cc": 6093,
  "time": 35028.65700000001
}