{
  "lut": 14871,
  "ff": 11208,
  "dsp": 49,
  "bram": 6,
  "snru": 0.008488448547050623,
  "wns": 1.943,
  "tns": 0.0,
  "target_clk": 8.0,
  "achieved_clk": 6.057,
  "total_power": 2.607,
  "dynamic_power": 0.388,
  "static_power": 2.219,
  "cc": 49163735,
  "time": 297784742.89500004
}