{
  "lut": 13061,
  "ff": 10447,
  "dsp": 40,
  "bram": 16,
  "snru": 0.008412243009103244,
  "wns": 1.229,
  "tns": 0.0,
  "target_clk": 8.0,
  "achieved_clk": 6.771,
  "total_power": 2.622,
  "dynamic_power": 0.403,
  "static_power": 2.219,
  "cc": 160771,
  "time": 1088580.4409999999
}