{
  "lut": 19297,
  "ff": 19414,
  "dsp": 49,
  "bram": 6,
  "snru": 4.3738348152960205,
  "wns": 1.671,
  "tns": 0.0,
  "target_clk": 8.0,
  "achieved_clk": 6.329,
  "total_power": 2.586,
  "dynamic_power": 0.367,
  "static_power": 2.219,
  "cc": 45204791,
  "time": 286101122.23899996
}