{
  "lut": 5023,
  "ff": 3274,
  "dsp": 45,
  "bram": 1,
  "snru": 0.0038932315456735485,
  "wns": 2.377,
  "tns": 0.0,
  "target_clk": 8.0,
  "achieved_clk": 5.623,
  "total_power": 2.311,
  "dynamic_power": 0.097,
  "static_power": 2.214,
  "cc": 670,
  "time": 3767.4100000000003
}