{
  "lut": 3305,
  "bram": 0,
  "ff": 1644,
  "dsp": 6,
  "snru": 0.5742600125526977,
  "wns": 1.897,
  "tns": 0.0,
  "target_clk": 8.0,
  "achieved_clk": 6.103,
  "total_power": 2.253,
  "dynamic_power": 0.04,
  "static_power": 2.213,
  "cc": 5176,
  "time": 31589.127999999997
}