{
  "lut": 11082,
  "ff": 10849,
  "dsp": 33,
  "bram": 0,
  "snru": 2.448077646132348,
  "wns": 1.323,
  "tns": 0.0,
  "target_clk": 8.0,
  "achieved_clk": 6.677,
  "total_power": 2.492,
  "dynamic_power": 0.275,
  "static_power": 2.217,
  "cc": 262673,
  "time": 1753867.6209999998
}