{
  "lut": 26956,
  "ff": 40543,
  "dsp": 11,
  "bram": 0,
  "snru": 0.014006994465266924,
  "wns": 2.749,
  "tns": 0.0,
  "target_clk": 8.0,
  "achieved_clk": 5.2509999999999994,
  "total_power": 2.774,
  "dynamic_power": 0.552,
  "static_power": 2.222,
  "cc": 2119753,
  "time": 11130823.002999999
}