{
  "lut": 17942,
  "ff": 8901,
  "dsp": 84,
  "bram": 0,
  "snru": 0.009950450705497134,
  "wns": 1.1,
  "tns": 0.0,
  "target_clk": 8.0,
  "achieved_clk": 6.9,
  "total_power": 2.398,
  "dynamic_power": 0.183,
  "static_power": 2.215,
  "cc": 2042,
  "time": 14089.800000000001
}