{
  "lut": 15615,
  "bram": 6,
  "ff": 11347,
  "dsp": 49,
  "snru": 3.4887049511256825,
  "wns": 1.868,
  "tns": 0.0,
  "target_clk": 8.0,
  "achieved_clk": 6.132,
  "total_power": 2.61,
  "dynamic_power": 0.391,
  "static_power": 2.219,
  "cc": 49299351,
  "time": 302303620.33199996
}