{
  "lut": 26605,
  "ff": 26673,
  "dsp": 0,
  "bram": 10,
  "snru": 4.954152572372561,
  "wns": 0.656,
  "tns": 0.0,
  "target_clk": 8.0,
  "achieved_clk": 7.344,
  "total_power": 2.784,
  "dynamic_power": 0.562,
  "static_power": 2.222,
  "cc": 48623,
  "time": 357087.31200000003
}