{
  "lut": 4018,
  "ff": 1339,
  "dsp": 0,
  "bram": 9,
  "snru": 0.0021814402729704216,
  "wns": 5.022,
  "tns": 0.0,
  "target_clk": 8.0,
  "achieved_clk": 2.9779999999999998,
  "total_power": 2.239,
  "dynamic_power": 0.026,
  "static_power": 2.213,
  "cc": 1794,
  "time": 5342.531999999999
}