{
  "lut": 557,
  "ff": 357,
  "dsp": 3,
  "bram": 0,
  "snru": 0.13478052022642223,
  "wns": 2.602,
  "tns": 0.0,
  "target_clk": 8.0,
  "achieved_clk": 5.398,
  "total_power": 2.225,
  "dynamic_power": 0.012,
  "static_power": 2.212,
  "cc": 8809,
  "time": 47550.981999999996
}