{
  "lut": 10280,
  "ff": 5592,
  "dsp": 107,
  "bram": 18,
  "snru": 0.009918624219262808,
  "wns": 1.334,
  "tns": 0.0,
  "target_clk": 8.0,
  "achieved_clk": 6.666,
  "total_power": 2.382,
  "dynamic_power": 0.167,
  "static_power": 2.215,
  "cc": 3543,
  "time": 23617.638000000003
}