{
  "lut": 1804,
  "ff": 2119,
  "dsp": 3,
  "bram": 0,
  "snru": 0.3789068051016058,
  "wns": 3.187,
  "tns": 0.0,
  "target_clk": 8.0,
  "achieved_clk": 4.813000000000001,
  "total_power": 2.242,
  "dynamic_power": 0.029,
  "static_power": 2.213,
  "cc": 3889,
  "time": 18717.757
}