{
  "lut": 12825,
  "ff": 7547,
  "dsp": 58,
  "bram": 0,
  "snru": 2.8786588597176825,
  "wns": 1.559,
  "tns": 0.0,
  "target_clk": 8.0,
  "achieved_clk": 6.441,
  "total_power": 2.59,
  "dynamic_power": 0.371,
  "static_power": 2.219,
  "cc": 79873,
  "time": 514461.99299999996
}