{
  "lut": 6749,
  "ff": 4084,
  "dsp": 33,
  "bram": 0,
  "snru": 0.003907369454905026,
  "wns": 1.929,
  "tns": 0.0,
  "target_clk": 8.0,
  "achieved_clk": 6.071,
  "total_power": 2.435,
  "dynamic_power": 0.219,
  "static_power": 2.216,
  "cc": 262913,
  "time": 1596144.8229999999
}