{
  "lut": 6331,
  "ff": 4076,
  "dsp": 33,
  "bram": 0,
  "snru": 0.0037863388014542183,
  "wns": 1.738,
  "tns": 0.0,
  "target_clk": 8.0,
  "achieved_clk": 6.2620000000000005,
  "total_power": 2.431,
  "dynamic_power": 0.215,
  "static_power": 2.216,
  "cc": 262913,
  "time": 1646361.206
}