{
  "lut": 9844,
  "ff": 5942,
  "dsp": 121,
  "bram": 10,
  "snru": 3.8751035132327765,
  "wns": 1.533,
  "tns": 0.0,
  "target_clk": 8.0,
  "achieved_clk": 6.4670000000000005,
  "total_power": 2.323,
  "dynamic_power": 0.109,
  "static_power": 2.214,
  "cc": 3266,
  "time": 21121.222
}