{
  "lut": 28600,
  "ff": 16229,
  "dsp": 175,
  "bram": 32,
  "snru": 8.342588463106573,
  "wns": 0.424,
  "tns": 0.0,
  "target_clk": 8.0,
  "achieved_clk": 7.576,
  "total_power": 2.875,
  "dynamic_power": 0.652,
  "static_power": 2.224,
  "cc": 19856,
  "time": 150429.05599999998
}