{
  "lut": 7322,
  "ff": 3781,
  "dsp": 11,
  "bram": 0,
  "snru": 0.003104197567322723,
  "wns": 1.799,
  "tns": 0.0,
  "target_clk": 8.0,
  "achieved_clk": 6.2010000000000005,
  "total_power": 2.378,
  "dynamic_power": 0.163,
  "static_power": 2.215,
  "cc": -1,
  "time": -1.0
}