{
  "lut": 10462,
  "bram": 0,
  "ff": 3403,
  "dsp": 6,
  "snru": 1.4962153172516697,
  "wns": 0.621,
  "tns": 0.0,
  "target_clk": 8.0,
  "achieved_clk": 7.379,
  "total_power": 2.401,
  "dynamic_power": 0.186,
  "static_power": 2.215,
  "cc": 4211,
  "time": 31072.968999999997
}