{
  "lut": 40241,
  "ff": 35704,
  "dsp": 28,
  "bram": 0,
  "snru": 0.017837292688053622,
  "wns": 0.486,
  "tns": 0.0,
  "target_clk": 8.0,
  "achieved_clk": 7.514,
  "total_power": 2.569,
  "dynamic_power": 0.351,
  "static_power": 2.218,
  "cc": 199565,
  "time": 1499531.4100000001
}