{
  "lut": 5592,
  "ff": 4456,
  "dsp": 0,
  "bram": 9,
  "snru": 1.2319396370883153,
  "wns": 3.816,
  "tns": 0.0,
  "target_clk": 8.0,
  "achieved_clk": 4.184,
  "total_power": 2.279,
  "dynamic_power": 0.066,
  "static_power": 2.213,
  "cc": 1720,
  "time": 7196.4800000000005
}