{
  "lut": 45620,
  "ff": 40866,
  "dsp": 22,
  "bram": 0,
  "snru": 7.947289771919852,
  "wns": 0.347,
  "tns": 0.0,
  "target_clk": 8.0,
  "achieved_clk": 7.6530000000000005,
  "total_power": 2.586,
  "dynamic_power": 0.367,
  "static_power": 2.219,
  "cc": 221253,
  "time": 1693249.209
}