{
  "lut": 13652,
  "ff": 17408,
  "dsp": 82,
  "bram": 0,
  "snru": 3.942390815214817,
  "wns": 1.185,
  "tns": 0.0,
  "target_clk": 8.0,
  "achieved_clk": 6.8149999999999995,
  "total_power": 2.438,
  "dynamic_power": 0.222,
  "static_power": 2.216,
  "cc": 274577,
  "time": 1871242.255
}