{
  "lut": 515,
  "ff": 429,
  "dsp": 3,
  "bram": 0,
  "snru": 0.00033523048558808206,
  "wns": 2.414,
  "tns": 0.0,
  "target_clk": 8.0,
  "achieved_clk": 5.586,
  "total_power": 2.22,
  "dynamic_power": 0.008,
  "static_power": 2.212,
  "cc": 5800,
  "time": 32398.800000000003
}