{
  "lut": 9841,
  "ff": 8071,
  "dsp": 56,
  "bram": 0,
  "snru": 2.532786151177112,
  "wns": 2.36,
  "tns": 0.0,
  "target_clk": 8.0,
  "achieved_clk": 5.640000000000001,
  "total_power": 2.329,
  "dynamic_power": 0.115,
  "static_power": 2.214,
  "cc": 1159,
  "time": 6536.76
}