{
  "lut": 4158,
  "ff": 3456,
  "dsp": 44,
  "bram": 2,
  "snru": 1.4888998710895471,
  "wns": 3.403,
  "tns": 0.0,
  "target_clk": 8.0,
  "achieved_clk": 4.5969999999999995,
  "total_power": 2.291,
  "dynamic_power": 0.077,
  "static_power": 2.213,
  "cc": 842,
  "time": 3870.6739999999995
}