{
  "lut": 36798,
  "ff": 36712,
  "dsp": 28,
  "bram": 0,
  "snru": 6.79775206053716,
  "wns": 0.839,
  "tns": 0.0,
  "target_clk": 8.0,
  "achieved_clk": 7.161,
  "total_power": 2.512,
  "dynamic_power": 0.295,
  "static_power": 2.217,
  "cc": 198033,
  "time": 1418114.3129999998
}