{
  "lut": 4179,
  "ff": 2937,
  "dsp": 47,
  "bram": 6,
  "snru": 0.004151879156389357,
  "wns": 1.728,
  "tns": 0.0,
  "target_clk": 8.0,
  "achieved_clk": 6.272,
  "total_power": 2.329,
  "dynamic_power": 0.115,
  "static_power": 2.214,
  "cc": 14153,
  "time": 88767.61600000001
}