{
  "lut": 6252,
  "ff": 4505,
  "dsp": 83,
  "bram": 3,
  "snru": 0.006204352805451795,
  "wns": 1.98,
  "tns": 0.0,
  "target_clk": 8.0,
  "achieved_clk": 6.02,
  "total_power": 2.303,
  "dynamic_power": 0.089,
  "static_power": 2.214,
  "cc": 1186,
  "time": 7139.719999999999
}