{
  "lut": 4533,
  "bram": 7,
  "ff": 2470,
  "dsp": 0,
  "snru": 0.0023053184654919234,
  "wns": 3.166,
  "tns": 0.0,
  "target_clk": 8.0,
  "achieved_clk": 4.834,
  "total_power": 2.251,
  "dynamic_power": 0.038,
  "static_power": 2.213,
  "cc": 1890,
  "time": 9136.259999999998
}