{
  "lut": 12417,
  "ff": 9532,
  "dsp": 39,
  "bram": 0,
  "snru": 2.626492853251859,
  "wns": 1.56,
  "tns": 0.0,
  "target_clk": 8.0,
  "achieved_clk": 6.4399999999999995,
  "total_power": 2.464,
  "dynamic_power": 0.247,
  "static_power": 2.216,
  "cc": 35585,
  "time": 229167.4
}