{
  "lut": 1521,
  "ff": 1500,
  "dsp": 0,
  "bram": 7,
  "snru": 0.520948054331865,
  "wns": 5.03,
  "tns": 0.0,
  "target_clk": 8.0,
  "achieved_clk": 2.9699999999999998,
  "total_power": 2.247,
  "dynamic_power": 0.034,
  "static_power": 2.213,
  "cc": 2304,
  "time": 6842.879999999999
}