{
  "lut": 1628,
  "ff": 956,
  "dsp": 3,
  "bram": 0,
  "snru": 0.0007300141217848515,
  "wns": 1.785,
  "tns": 0.0,
  "target_clk": 8.0,
  "achieved_clk": 6.215,
  "total_power": 2.227,
  "dynamic_power": 0.015,
  "static_power": 2.212,
  "cc": 3660,
  "time": 22746.899999999998
}