{
  "lut": 7146,
  "ff": 7511,
  "dsp": 0,
  "bram": 3,
  "snru": 0.0034055952708726663,
  "wns": 3.703,
  "tns": 0.0,
  "target_clk": 8.0,
  "achieved_clk": 4.297000000000001,
  "total_power": 2.302,
  "dynamic_power": 0.088,
  "static_power": 2.214,
  "cc": 1626,
  "time": 6986.922000000001
}