{
  "lut": 3462,
  "ff": 1604,
  "dsp": 0,
  "bram": 5,
  "snru": 0.6751822425005244,
  "wns": 4.081,
  "tns": 0.0,
  "target_clk": 8.0,
  "achieved_clk": 3.9189999999999996,
  "total_power": 2.259,
  "dynamic_power": 0.046,
  "static_power": 2.213,
  "cc": 1922,
  "time": 7532.317999999999
}