{
  "lut": 10834,
  "ff": 11986,
  "dsp": 0,
  "bram": 9,
  "snru": 0.005663079177155444,
  "wns": 3.121,
  "tns": 0.0,
  "target_clk": 8.0,
  "achieved_clk": 4.879,
  "total_power": 2.382,
  "dynamic_power": 0.167,
  "static_power": 2.215,
  "cc": 1771,
  "time": 8640.708999999999
}