{
  "lut": 15941,
  "ff": 11428,
  "dsp": 49,
  "bram": 6,
  "snru": 3.530750197087504,
  "wns": 1.749,
  "tns": 0.0,
  "target_clk": 8.0,
  "achieved_clk": 6.2509999999999994,
  "total_power": 2.631,
  "dynamic_power": 0.412,
  "static_power": 2.219,
  "cc": 49831383,
  "time": 311495975.13299996
}