{
  "lut": 3118,
  "bram": 5,
  "ff": 1960,
  "dsp": 0,
  "snru": 0.001640346391860709,
  "wns": 4.482,
  "tns": 0.0,
  "target_clk": 8.0,
  "achieved_clk": 3.518,
  "total_power": 2.245,
  "dynamic_power": 0.032,
  "static_power": 2.213,
  "cc": 2098,
  "time": 7380.763999999999
}