{
  "lut": 6719,
  "ff": 4084,
  "dsp": 33,
  "bram": 0,
  "snru": 1.5595061520060634,
  "wns": 2.001,
  "tns": 0.0,
  "target_clk": 8.0,
  "achieved_clk": 5.9990000000000006,
  "total_power": 2.434,
  "dynamic_power": 0.218,
  "static_power": 2.216,
  "cc": 262913,
  "time": 1577215.087
}