{
  "lut": 5506,
  "bram": 1,
  "ff": 4211,
  "dsp": 62,
  "snru": 1.952067927942102,
  "wns": 2.885,
  "tns": 0.0,
  "target_clk": 8.0,
  "achieved_clk": 5.115,
  "total_power": 2.322,
  "dynamic_power": 0.108,
  "static_power": 2.214,
  "cc": 1289,
  "time": 6593.235000000001
}