{
  "lut": 7046,
  "ff": 4724,
  "dsp": 95,
  "bram": 5,
  "snru": 2.8614092094845613,
  "wns": 1.826,
  "tns": 0.0,
  "target_clk": 8.0,
  "achieved_clk": 6.1739999999999995,
  "total_power": 2.306,
  "dynamic_power": 0.092,
  "static_power": 2.214,
  "cc": 1182,
  "time": 7297.668
}