{
  "lut": 7032,
  "ff": 11197,
  "dsp": 38,
  "bram": 0,
  "snru": 2.087424432168064,
  "wns": 2.126,
  "tns": 0.0,
  "target_clk": 8.0,
  "achieved_clk": 5.8740000000000006,
  "total_power": 2.417,
  "dynamic_power": 0.202,
  "static_power": 2.216,
  "cc": 1335393,
  "time": 7844098.482000001
}