{
  "lut": 15259,
  "ff": 11671,
  "dsp": 52,
  "bram": 6,
  "snru": 3.5168523032170094,
  "wns": 1.791,
  "tns": 0.0,
  "target_clk": 8.0,
  "achieved_clk": 6.209,
  "total_power": 2.611,
  "dynamic_power": 0.392,
  "static_power": 2.219,
  "cc": 52285185,
  "time": 324638713.66499996
}