{
  "lut": 12200,
  "ff": 6020,
  "dsp": 103,
  "bram": 18,
  "snru": 4.145059997496228,
  "wns": 0.653,
  "tns": 0.0,
  "target_clk": 8.0,
  "achieved_clk": 7.3469999999999995,
  "total_power": 2.298,
  "dynamic_power": 0.084,
  "static_power": 2.214,
  "cc": 1392,
  "time": 10227.024
}