{
  "lut": 11428,
  "ff": 8068,
  "dsp": 42,
  "bram": 0,
  "snru": 2.4794612405854766,
  "wns": 2.017,
  "tns": 0.0,
  "target_clk": 8.0,
  "achieved_clk": 5.9830000000000005,
  "total_power": 2.52,
  "dynamic_power": 0.303,
  "static_power": 2.217,
  "cc": 34305,
  "time": 205246.81500000003
}