{
  "lut": 8024,
  "bram": 16,
  "ff": 4114,
  "dsp": 6,
  "snru": 0.00463136733261942,
  "wns": -0.509,
  "tns": -21.449,
  "target_clk": 8.0,
  "achieved_clk": 8.509,
  "total_power": 2.371,
  "dynamic_power": 0.156,
  "static_power": 2.215,
  "cc": 151826,
  "time": 1291887.4340000001
}