{
  "lut": 6748,
  "ff": 4084,
  "dsp": 33,
  "bram": 0,
  "snru": 1.562833060963479,
  "wns": 2.214,
  "tns": 0.0,
  "target_clk": 8.0,
  "achieved_clk": 5.786,
  "total_power": 2.43,
  "dynamic_power": 0.214,
  "static_power": 2.216,
  "cc": 262913,
  "time": 1521214.6179999998
}