{
  "lut": 25346,
  "ff": 15626,
  "dsp": 0,
  "bram": 12,
  "snru": 4.250462161736941,
  "wns": 1.416,
  "tns": 0.0,
  "target_clk": 8.0,
  "achieved_clk": 6.584,
  "total_power": 2.608,
  "dynamic_power": 0.389,
  "static_power": 2.219,
  "cc": 26471,
  "time": 174285.06399999998
}