{
  "lut": 27765,
  "ff": 21089,
  "dsp": 163,
  "bram": 16,
  "snru": 0.019321793643251317,
  "wns": 0.434,
  "tns": 0.0,
  "target_clk": 8.0,
  "achieved_clk": 7.566,
  "total_power": 2.84,
  "dynamic_power": 0.617,
  "static_power": 2.223,
  "cc": 19870,
  "time": 150336.41999999998
}