{
  "lut": 3640,
  "bram": 3,
  "ff": 2224,
  "dsp": 0,
  "snru": 0.6567613278791693,
  "wns": 5.272,
  "tns": 0.0,
  "target_clk": 8.0,
  "achieved_clk": 2.728,
  "total_power": 2.255,
  "dynamic_power": 0.042,
  "static_power": 2.213,
  "cc": 1883,
  "time": 5136.8240000000005
}