{
  "lut": 10333,
  "ff": 13298,
  "dsp": 9,
  "bram": 0,
  "snru": 2.099401674482497,
  "wns": 1.828,
  "tns": 0.0,
  "target_clk": 8.0,
  "achieved_clk": 6.172,
  "total_power": 2.326,
  "dynamic_power": 0.112,
  "static_power": 2.214,
  "cc": 5623,
  "time": 34705.155999999995
}