{
  "lut": 9191,
  "bram": 6,
  "ff": 7046,
  "dsp": 0,
  "snru": 0.004204442652611705,
  "wns": 3.512,
  "tns": 0.0,
  "target_clk": 8.0,
  "achieved_clk": 4.488,
  "total_power": 2.321,
  "dynamic_power": 0.107,
  "static_power": 2.214,
  "cc": 1297,
  "time": 5820.936000000001
}