{
  "lut": 4121,
  "bram": 10,
  "ff": 2937,
  "dsp": 47,
  "snru": 0.004507268421126089,
  "wns": 1.707,
  "tns": 0.0,
  "target_clk": 8.0,
  "achieved_clk": 6.293,
  "total_power": 2.333,
  "dynamic_power": 0.119,
  "static_power": 2.214,
  "cc": 15297,
  "time": 96264.02100000001
}