{
  "lut": 6313,
  "ff": 3694,
  "dsp": 0,
  "bram": 7,
  "snru": 1.196540014684288,
  "wns": 3.22,
  "tns": 0.0,
  "target_clk": 8.0,
  "achieved_clk": 4.779999999999999,
  "total_power": 2.303,
  "dynamic_power": 0.089,
  "static_power": 2.214,
  "cc": 1260,
  "time": 6022.799999999999
}