{
  "lut": 46959,
  "ff": 58629,
  "dsp": 44,
  "bram": 0,
  "snru": 0.023723548483314386,
  "wns": 0.331,
  "tns": 0.0,
  "target_clk": 8.0,
  "achieved_clk": 7.669,
  "total_power": 2.593,
  "dynamic_power": 0.375,
  "static_power": 2.219,
  "cc": 65759,
  "time": 504305.77099999995
}