{
  "lut": 11346,
  "bram": 18,
  "ff": 5552,
  "dsp": 100,
  "snru": 0.009924600813218566,
  "wns": 0.762,
  "tns": 0.0,
  "target_clk": 8.0,
  "achieved_clk": 7.238,
  "total_power": 2.339,
  "dynamic_power": 0.125,
  "static_power": 2.214,
  "cc": 1920,
  "time": 13896.960000000001
}