{
  "lut": 15235,
  "ff": 11359,
  "dsp": 49,
  "bram": 6,
  "snru": 0.008614498244187186,
  "wns": 1.557,
  "tns": 0.0,
  "target_clk": 8.0,
  "achieved_clk": 6.443,
  "total_power": 2.603,
  "dynamic_power": 0.384,
  "static_power": 2.219,
  "cc": 49163735,
  "time": 316761944.60499996
}