{
  "lut": 21584,
  "ff": 17456,
  "dsp": 6,
  "bram": 0,
  "snru": 0.008945573397754725,
  "wns": 0.486,
  "tns": 0.0,
  "target_clk": 8.0,
  "achieved_clk": 7.514,
  "total_power": 2.356,
  "dynamic_power": 0.142,
  "static_power": 2.215,
  "cc": 2082,
  "time": 15644.148000000001
}