{
  "lut": 3930,
  "ff": 1412,
  "dsp": 0,
  "bram": 7,
  "snru": 0.001980658039647577,
  "wns": 5.374,
  "tns": 0.0,
  "target_clk": 8.0,
  "achieved_clk": 2.6260000000000003,
  "total_power": 2.246,
  "dynamic_power": 0.033,
  "static_power": 2.213,
  "cc": 2321,
  "time": 6094.946000000001
}