{
  "lut": 12341,
  "ff": 10111,
  "dsp": 3,
  "bram": 0,
  "snru": 2.0461470767609304,
  "wns": 1.816,
  "tns": 0.0,
  "target_clk": 8.0,
  "achieved_clk": 6.184,
  "total_power": 2.337,
  "dynamic_power": 0.122,
  "static_power": 2.214,
  "cc": 6004,
  "time": 37128.736000000004
}