{
  "lut": 53614,
  "ff": 67001,
  "dsp": 22,
  "bram": 0,
  "snru": 0.02590871520623135,
  "wns": 0.469,
  "tns": 0.0,
  "target_clk": 8.0,
  "achieved_clk": 7.531,
  "total_power": 2.639,
  "dynamic_power": 0.42,
  "static_power": 2.22,
  "cc": 213083,
  "time": 1604728.0729999999
}