{
  "lut": 4420,
  "bram": 14,
  "ff": 2877,
  "dsp": 47,
  "snru": 1.9825768408649518,
  "wns": 1.865,
  "tns": 0.0,
  "target_clk": 8.0,
  "achieved_clk": 6.135,
  "total_power": 2.322,
  "dynamic_power": 0.108,
  "static_power": 2.214,
  "cc": 15299,
  "time": 93859.36499999999
}