{
  "lut": 5147,
  "ff": 3941,
  "dsp": 56,
  "bram": 1,
  "snru": 0.004486473257636507,
  "wns": 3.02,
  "tns": 0.0,
  "target_clk": 8.0,
  "achieved_clk": 4.98,
  "total_power": 2.321,
  "dynamic_power": 0.107,
  "static_power": 2.214,
  "cc": 1284,
  "time": 6394.320000000001
}