{
  "lut": 3182,
  "bram": 0,
  "ff": 1828,
  "dsp": 18,
  "snru": 0.7723165648240253,
  "wns": 1.95,
  "tns": 0.0,
  "target_clk": 8.0,
  "achieved_clk": 6.05,
  "total_power": 2.285,
  "dynamic_power": 0.071,
  "static_power": 2.213,
  "cc": 566,
  "time": 3424.2999999999997
}