{
  "lut": 7514,
  "ff": 5996,
  "dsp": 11,
  "bram": 0,
  "snru": 1.3907589645208658,
  "wns": 2.172,
  "tns": 0.0,
  "target_clk": 8.0,
  "achieved_clk": 5.827999999999999,
  "total_power": 2.365,
  "dynamic_power": 0.151,
  "static_power": 2.215,
  "cc": 901217,
  "time": 5252292.675999999
}