{
  "lut": 115588,
  "ff": 59115,
  "dsp": 208,
  "bram": 0,
  "wns": 0.403,
  "tns": 0,
  "target_clk": 8.0,
  "achieved_clk": 7.5969999999999995,
  "total_power": 3.854,
  "dynamic_power": 1.614,
  "static_power": 2.241,
  "cc": 2445,
  "time": 18574.664999999997
}