{
  "lut": 4927,
  "ff": 2151,
  "dsp": 0,
  "bram": 3,
  "snru": 0.0020005498413572477,
  "wns": 4.876,
  "tns": 0.0,
  "target_clk": 8.0,
  "achieved_clk": 3.1239999999999997,
  "total_power": 2.24,
  "dynamic_power": 0.028,
  "static_power": 2.213,
  "cc": 1656,
  "time": 5173.343999999999
}