{
  "lut": 1442,
  "ff": 2031,
  "dsp": 11,
  "bram": 0,
  "snru": 0.46673868184832557,
  "wns": 2.342,
  "tns": 0.0,
  "target_clk": 8.0,
  "achieved_clk": 5.6579999999999995,
  "total_power": 2.258,
  "dynamic_power": 0.045,
  "static_power": 2.213,
  "cc": 2990216,
  "time": 16918642.128
}