{
  "lut": 10177,
  "ff": 3920,
  "dsp": 9,
  "bram": 0,
  "snru": 1.5435784365970346,
  "wns": 1.414,
  "tns": 0.0,
  "target_clk": 8.0,
  "achieved_clk": 6.586,
  "total_power": 2.479,
  "dynamic_power": 0.262,
  "static_power": 2.217,
  "cc": 6276,
  "time": 41333.736000000004
}