{
  "lut": 5412,
  "bram": 0,
  "ff": 3761,
  "dsp": 47,
  "snru": 0.004065633548564729,
  "wns": 1.97,
  "tns": 0.0,
  "target_clk": 8.0,
  "achieved_clk": 6.03,
  "total_power": 2.301,
  "dynamic_power": 0.088,
  "static_power": 2.214,
  "cc": 841,
  "time": 5071.2300000000005
}