{
  "lut": 10499,
  "bram": 0,
  "ff": 6495,
  "dsp": 84,
  "snru": 2.988302528894889,
  "wns": 1.794,
  "tns": 0.0,
  "target_clk": 8.0,
  "achieved_clk": 6.206,
  "total_power": 2.4,
  "dynamic_power": 0.185,
  "static_power": 2.215,
  "cc": 3524,
  "time": 21869.944000000003
}