{
  "lut": 10194,
  "ff": 6314,
  "dsp": 119,
  "bram": 10,
  "snru": 0.00975747954477016,
  "wns": 1.568,
  "tns": 0.0,
  "target_clk": 8.0,
  "achieved_clk": 6.432,
  "total_power": 2.331,
  "dynamic_power": 0.117,
  "static_power": 2.214,
  "cc": 3186,
  "time": 20492.352000000003
}