{
  "lut": 421,
  "ff": 407,
  "dsp": 3,
  "bram": 0,
  "snru": 0.12204648938941784,
  "wns": 2.377,
  "tns": 0.0,
  "target_clk": 8.0,
  "achieved_clk": 5.623,
  "total_power": 2.223,
  "dynamic_power": 0.01,
  "static_power": 2.212,
  "cc": 8561,
  "time": 48138.503000000004
}