{
  "lut": 434,
  "ff": 418,
  "dsp": 3,
  "bram": 0,
  "snru": 0.00031042206965562977,
  "wns": 2.64,
  "tns": 0.0,
  "target_clk": 8.0,
  "achieved_clk": 5.359999999999999,
  "total_power": 2.223,
  "dynamic_power": 0.011,
  "static_power": 2.212,
  "cc": 8618,
  "time": 46192.479999999996
}