{
  "lut": 6208,
  "ff": 4074,
  "dsp": 33,
  "bram": 0,
  "snru": 0.003750775291909431,
  "wns": 1.911,
  "tns": 0.0,
  "target_clk": 8.0,
  "achieved_clk": 6.089,
  "total_power": 2.432,
  "dynamic_power": 0.216,
  "static_power": 2.216,
  "cc": 262913,
  "time": 1600877.2570000002
}