{
  "lut": 15860,
  "ff": 11953,
  "dsp": 49,
  "bram": 6,
  "snru": 3.5515720583209833,
  "wns": 1.23,
  "tns": 0.0,
  "target_clk": 8.0,
  "achieved_clk": 6.77,
  "total_power": 2.651,
  "dynamic_power": 0.431,
  "static_power": 2.22,
  "cc": 49045071,
  "time": 332035130.66999996
}