{
  "lut": 598,
  "ff": 573,
  "dsp": 3,
  "bram": 0,
  "snru": 0.15187394900762638,
  "wns": 2.751,
  "tns": 0.0,
  "target_clk": 8.0,
  "achieved_clk": 5.2490000000000006,
  "total_power": 2.226,
  "dynamic_power": 0.013,
  "static_power": 2.212,
  "cc": 8750,
  "time": 45928.75000000001
}