{
  "lut": 20271,
  "ff": 19489,
  "dsp": 49,
  "bram": 6,
  "snru": 4.489875105310705,
  "wns": 1.262,
  "tns": 0.0,
  "target_clk": 8.0,
  "achieved_clk": 6.7379999999999995,
  "total_power": 2.701,
  "dynamic_power": 0.48,
  "static_power": 2.221,
  "cc": 47171223,
  "time": 317839700.574
}