{
  "lut": 4587,
  "ff": 4050,
  "dsp": 0,
  "bram": 7,
  "snru": 1.0189519089574155,
  "wns": 4.387,
  "tns": 0.0,
  "target_clk": 8.0,
  "achieved_clk": 3.6130000000000004,
  "total_power": 2.292,
  "dynamic_power": 0.078,
  "static_power": 2.214,
  "cc": 1861,
  "time": 6723.793000000001
}