{
  "lut": 8059,
  "ff": 3240,
  "dsp": 48,
  "bram": 5,
  "snru": 0.0052571201561305205,
  "wns": 0.855,
  "tns": 0.0,
  "target_clk": 8.0,
  "achieved_clk": 7.145,
  "total_power": 2.35,
  "dynamic_power": 0.136,
  "static_power": 2.215,
  "cc": 522,
  "time": 3729.6899999999996
}