{
  "lut": 8302,
  "ff": 7238,
  "dsp": 53,
  "bram": 1,
  "snru": 0.0057381209842363836,
  "wns": 2.812,
  "tns": 0.0,
  "target_clk": 8.0,
  "achieved_clk": 5.188000000000001,
  "total_power": 2.31,
  "dynamic_power": 0.097,
  "static_power": 2.214,
  "cc": 1130,
  "time": 5862.4400000000005
}