{
  "lut": 40320,
  "ff": 42274,
  "dsp": 54,
  "bram": 0,
  "snru": 7.957666471270902,
  "wns": 1.622,
  "tns": 0.0,
  "target_clk": 8.0,
  "achieved_clk": 6.378,
  "total_power": 2.567,
  "dynamic_power": 0.349,
  "static_power": 2.218,
  "cc": 33793,
  "time": 215531.75400000002
}