{
  "lut": 2873,
  "bram": 4,
  "ff": 2294,
  "dsp": 40,
  "snru": 0.0032050773716478208,
  "wns": 4.478,
  "tns": 0.0,
  "target_clk": 8.0,
  "achieved_clk": 3.522,
  "total_power": 2.274,
  "dynamic_power": 0.061,
  "static_power": 2.213,
  "cc": 1273,
  "time": 4483.505999999999
}