{
  "lut": 23537,
  "ff": 28683,
  "dsp": 545,
  "bram": 21,
  "snru": 0.03570823841095874,
  "wns": 0.669,
  "tns": 0.0,
  "target_clk": 8.0,
  "achieved_clk": 7.3309999999999995,
  "total_power": 2.989,
  "dynamic_power": 0.764,
  "static_power": 2.226,
  "cc": 45517751,
  "time": 333690632.581
}