{
  "lut": 1522,
  "ff": 1576,
  "dsp": 0,
  "bram": 7,
  "snru": 0.5254221732745962,
  "wns": 4.863,
  "tns": 0.0,
  "target_clk": 8.0,
  "achieved_clk": 3.1369999999999996,
  "total_power": 2.244,
  "dynamic_power": 0.032,
  "static_power": 2.213,
  "cc": 2623,
  "time": 8228.350999999999
}