{
  "lut": 913,
  "ff": 988,
  "dsp": 11,
  "bram": 0,
  "snru": 0.0008655606822272749,
  "wns": 2.723,
  "tns": 0.0,
  "target_clk": 8.0,
  "achieved_clk": 5.277,
  "total_power": 2.248,
  "dynamic_power": 0.036,
  "static_power": 2.213,
  "cc": 2990225,
  "time": 15779417.325000001
}