{
  "lut": 4673,
  "ff": 2085,
  "dsp": 9,
  "bram": 0,
  "snru": 0.002017243861316375,
  "wns": 4.185,
  "tns": 0.0,
  "target_clk": 8.0,
  "achieved_clk": 3.8150000000000004,
  "total_power": 2.253,
  "dynamic_power": 0.04,
  "static_power": 2.213,
  "cc": 9579,
  "time": 36543.885
}