{
  "lut": 16128,
  "ff": 12143,
  "dsp": 75,
  "bram": 4,
  "snru": 3.955638975872429,
  "wns": 1.594,
  "tns": 0.0,
  "target_clk": 8.0,
  "achieved_clk": 6.406,
  "total_power": 2.629,
  "dynamic_power": 0.409,
  "static_power": 2.219,
  "cc": 53075735,
  "time": 340003158.40999997
}