{
  "lut": 58954,
  "ff": 28424,
  "dsp": 377,
  "bram": 20,
  "snru": 0.03867932393488161,
  "wns": 0.301,
  "tns": 0.0,
  "target_clk": 8.0,
  "achieved_clk": 7.699,
  "total_power": 3.422,
  "dynamic_power": 1.189,
  "static_power": 2.233,
  "cc": 13958,
  "time": 107462.64199999999
}