{
  "lut": 884,
  "ff": 1011,
  "dsp": 11,
  "bram": 0,
  "snru": 0.0008605416385415187,
  "wns": 2.351,
  "tns": 0.0,
  "target_clk": 8.0,
  "achieved_clk": 5.649,
  "total_power": 2.248,
  "dynamic_power": 0.036,
  "static_power": 2.213,
  "cc": 2883585,
  "time": 16289371.665000001
}