{
  "lut": 5884,
  "bram": 6,
  "ff": 3411,
  "dsp": 0,
  "snru": 1.0938893040696456,
  "wns": 3.81,
  "tns": 0.0,
  "target_clk": 8.0,
  "achieved_clk": 4.19,
  "total_power": 2.296,
  "dynamic_power": 0.082,
  "static_power": 2.214,
  "cc": 1855,
  "time": 7772.450000000001
}