{
  "lut": 1985,
  "ff": 1659,
  "dsp": 0,
  "bram": 14,
  "snru": 0.8437155837004405,
  "wns": 3.103,
  "tns": 0.0,
  "target_clk": 8.0,
  "achieved_clk": 4.897,
  "total_power": 2.249,
  "dynamic_power": 0.037,
  "static_power": 2.213,
  "cc": 123969,
  "time": 607076.1930000001
}