{
  "lut": 6246,
  "ff": 4073,
  "dsp": 33,
  "bram": 0,
  "snru": 1.5046121542087065,
  "wns": 1.894,
  "tns": 0.0,
  "target_clk": 8.0,
  "achieved_clk": 6.106,
  "total_power": 2.385,
  "dynamic_power": 0.17,
  "static_power": 2.215,
  "cc": 263169,
  "time": 1606909.9139999999
}