{
  "lut": 15130,
  "ff": 11669,
  "dsp": 52,
  "bram": 6,
  "snru": 0.008754846433519762,
  "wns": 1.661,
  "tns": 0.0,
  "target_clk": 8.0,
  "achieved_clk": 6.339,
  "total_power": 2.616,
  "dynamic_power": 0.396,
  "static_power": 2.219,
  "cc": 52285185,
  "time": 331435787.71500003
}