{
  "lut": 6413,
  "ff": 3806,
  "dsp": 11,
  "bram": 0,
  "snru": 0.002847079129363839,
  "wns": 1.576,
  "tns": 0.0,
  "target_clk": 8.0,
  "achieved_clk": 6.4239999999999995,
  "total_power": 2.371,
  "dynamic_power": 0.156,
  "static_power": 2.215,
  "cc": -1,
  "time": -1.0
}