{
  "lut": 5221,
  "bram": 5,
  "ff": 2860,
  "dsp": 0,
  "snru": 0.0023725531649884625,
  "wns": 4.207,
  "tns": 0.0,
  "target_clk": 8.0,
  "achieved_clk": 3.793,
  "total_power": 2.255,
  "dynamic_power": 0.042,
  "static_power": 2.213,
  "cc": 1944,
  "time": 7373.592000000001
}