{
  "lut": 604,
  "ff": 484,
  "dsp": 3,
  "bram": 0,
  "snru": 0.14745719056416087,
  "wns": 2.71,
  "tns": 0.0,
  "target_clk": 8.0,
  "achieved_clk": 5.29,
  "total_power": 2.227,
  "dynamic_power": 0.015,
  "static_power": 2.212,
  "cc": 8471,
  "time": 44811.590000000004
}