{
  "lut": 20804,
  "ff": 21951,
  "dsp": 51,
  "bram": 6,
  "snru": 0.011814612743145075,
  "wns": 1.613,
  "tns": 0.0,
  "target_clk": 8.0,
  "achieved_clk": 6.3870000000000005,
  "total_power": 2.693,
  "dynamic_power": 0.473,
  "static_power": 2.221,
  "cc": 49195357,
  "time": 314210745.15900004
}