{
  "lut": 20978,
  "ff": 13964,
  "dsp": 126,
  "bram": 0,
  "snru": 0.013311336507034248,
  "wns": 0.988,
  "tns": 0.0,
  "target_clk": 8.0,
  "achieved_clk": 7.0120000000000005,
  "total_power": 2.561,
  "dynamic_power": 0.343,
  "static_power": 2.218,
  "cc": 1768,
  "time": 12397.216
}