{
  "lut": 8740,
  "ff": 5334,
  "dsp": 0,
  "bram": 5,
  "snru": 0.003736585837528844,
  "wns": 3.616,
  "tns": 0.0,
  "target_clk": 8.0,
  "achieved_clk": 4.384,
  "total_power": 2.3,
  "dynamic_power": 0.087,
  "static_power": 2.214,
  "cc": 1495,
  "time": 6554.080000000001
}