{
  "lut": 26615,
  "ff": 15615,
  "dsp": 0,
  "bram": 12,
  "snru": 0.010988530358453954,
  "wns": 1.783,
  "tns": 0.0,
  "target_clk": 8.0,
  "achieved_clk": 6.2170000000000005,
  "total_power": 2.579,
  "dynamic_power": 0.36,
  "static_power": 2.218,
  "cc": 26471,
  "time": 164570.20700000002
}