{
  "lut": 7422,
  "bram": 5,
  "ff": 3462,
  "dsp": 0,
  "snru": 0.0030901330108034403,
  "wns": 3.706,
  "tns": 0.0,
  "target_clk": 8.0,
  "achieved_clk": 4.294,
  "total_power": 2.31,
  "dynamic_power": 0.097,
  "static_power": 2.214,
  "cc": 1136,
  "time": 4877.9839999999995
}