{
  "lut": 10673,
  "ff": 5463,
  "dsp": 12,
  "bram": 0,
  "snru": 1.7393905280422526,
  "wns": 1.554,
  "tns": 0.0,
  "target_clk": 8.0,
  "achieved_clk": 6.446,
  "total_power": 2.43,
  "dynamic_power": 0.215,
  "static_power": 2.216,
  "cc": 4613,
  "time": 29735.397999999997
}