{
  "lut": 8843,
  "ff": 2968,
  "dsp": 0,
  "bram": 7,
  "snru": 1.4451404185022025,
  "wns": 3.538,
  "tns": 0.0,
  "target_clk": 8.0,
  "achieved_clk": 4.462,
  "total_power": 2.26,
  "dynamic_power": 0.047,
  "static_power": 2.213,
  "cc": 1746,
  "time": 7790.651999999999
}