{
  "lut": 5730,
  "ff": 4332,
  "dsp": 0,
  "bram": 5,
  "snru": 1.091848909167191,
  "wns": 3.3,
  "tns": 0.0,
  "target_clk": 8.0,
  "achieved_clk": 4.7,
  "total_power": 2.298,
  "dynamic_power": 0.084,
  "static_power": 2.214,
  "cc": 1672,
  "time": 7858.400000000001
}