{
  "lut": 6935,
  "bram": 7,
  "ff": 2759,
  "dsp": 0,
  "snru": 1.2142644089574155,
  "wns": 3.597,
  "tns": 0.0,
  "target_clk": 8.0,
  "achieved_clk": 4.403,
  "total_power": 2.255,
  "dynamic_power": 0.042,
  "static_power": 2.213,
  "cc": 1750,
  "time": 7705.249999999999
}