{
  "lut": 4741,
  "ff": 3134,
  "dsp": 47,
  "bram": 6,
  "snru": 1.7365248820858454,
  "wns": 2.081,
  "tns": 0.0,
  "target_clk": 8.0,
  "achieved_clk": 5.9190000000000005,
  "total_power": 2.318,
  "dynamic_power": 0.104,
  "static_power": 2.214,
  "cc": 14903,
  "time": 88210.857
}