{
  "lut": 7415,
  "ff": 5292,
  "dsp": 0,
  "bram": 6,
  "snru": 1.3774222519404238,
  "wns": 3.713,
  "tns": 0.0,
  "target_clk": 8.0,
  "achieved_clk": 4.287,
  "total_power": 2.348,
  "dynamic_power": 0.133,
  "static_power": 2.214,
  "cc": 1821,
  "time": 7806.6269999999995
}