{
  "lut": 14746,
  "ff": 11263,
  "dsp": 49,
  "bram": 6,
  "snru": 0.008460485303658553,
  "wns": 1.847,
  "tns": 0.0,
  "target_clk": 8.0,
  "achieved_clk": 6.1530000000000005,
  "total_power": 2.606,
  "dynamic_power": 0.387,
  "static_power": 2.219,
  "cc": 47029902,
  "time": 289374987.00600004
}