{
  "lut": 2292,
  "bram": 6,
  "ff": 1792,
  "dsp": 0,
  "snru": 0.5889448290329348,
  "wns": 5.163,
  "tns": 0.0,
  "target_clk": 8.0,
  "achieved_clk": 2.837,
  "total_power": 2.243,
  "dynamic_power": 0.031,
  "static_power": 2.213,
  "cc": 2624,
  "time": 7444.2880000000005
}