{
  "lut": 6212,
  "ff": 2738,
  "dsp": 0,
  "bram": 5,
  "snru": 1.055711794629746,
  "wns": 3.551,
  "tns": 0.0,
  "target_clk": 8.0,
  "achieved_clk": 4.449,
  "total_power": 2.252,
  "dynamic_power": 0.039,
  "static_power": 2.213,
  "cc": 1513,
  "time": 6731.3369999999995
}