{
  "lut": 1979,
  "ff": 1722,
  "dsp": 0,
  "bram": 14,
  "snru": 0.8466409691629956,
  "wns": 3.156,
  "tns": 0.0,
  "target_clk": 8.0,
  "achieved_clk": 4.843999999999999,
  "total_power": 2.25,
  "dynamic_power": 0.037,
  "static_power": 2.213,
  "cc": 123969,
  "time": 600505.8359999999
}