{
  "lut": 18442,
  "ff": 12808,
  "dsp": 49,
  "bram": 6,
  "snru": 0.009742062258504368,
  "wns": 1.688,
  "tns": 0.0,
  "target_clk": 8.0,
  "achieved_clk": 6.312,
  "total_power": 2.697,
  "dynamic_power": 0.476,
  "static_power": 2.221,
  "cc": 47061687,
  "time": 297053368.34400004
}