{
  "lut": 1883,
  "ff": 1880,
  "dsp": 22,
  "bram": 0,
  "snru": 0.00173370258692151,
  "wns": 2.488,
  "tns": 0.0,
  "target_clk": 8.0,
  "achieved_clk": 5.5120000000000005,
  "total_power": 2.283,
  "dynamic_power": 0.069,
  "static_power": 2.213,
  "cc": 1351825,
  "time": 7451259.4
}