{
  "lut": 5738,
  "ff": 4732,
  "dsp": 0,
  "bram": 5,
  "snru": 1.1157108768617578,
  "wns": 3.131,
  "tns": 0.0,
  "target_clk": 8.0,
  "achieved_clk": 4.869,
  "total_power": 2.29,
  "dynamic_power": 0.076,
  "static_power": 2.213,
  "cc": 1502,
  "time": 7313.237999999999
}