{
  "lut": 6737,
  "bram": 0,
  "ff": 6525,
  "dsp": 3,
  "snru": 1.197555850622898,
  "wns": 1.342,
  "tns": 0.0,
  "target_clk": 8.0,
  "achieved_clk": 6.658,
  "total_power": 2.261,
  "dynamic_power": 0.048,
  "static_power": 2.213,
  "cc": 4402,
  "time": 29308.516000000003
}