{
  "lut": 19672,
  "ff": 14057,
  "dsp": 59,
  "bram": 0,
  "snru": 4.0543714621524325,
  "wns": 1.283,
  "tns": 0.0,
  "target_clk": 8.0,
  "achieved_clk": 6.7170000000000005,
  "total_power": 2.451,
  "dynamic_power": 0.235,
  "static_power": 2.216,
  "cc": 34305,
  "time": 230426.68500000003
}