{
  "lut": 1728,
  "bram": 9,
  "ff": 1305,
  "dsp": 0,
  "snru": 0.6079147655758338,
  "wns": 4.82,
  "tns": 0.0,
  "target_clk": 8.0,
  "achieved_clk": 3.18,
  "total_power": 2.246,
  "dynamic_power": 0.033,
  "static_power": 2.213,
  "cc": 2412,
  "time": 7670.160000000001
}