{
  "lut": 3935,
  "ff": 3531,
  "dsp": 0,
  "bram": 13,
  "snru": 0.0028439950112754356,
  "wns": 4.116,
  "tns": 0.0,
  "target_clk": 8.0,
  "achieved_clk": 3.8840000000000003,
  "total_power": 2.27,
  "dynamic_power": 0.057,
  "static_power": 2.213,
  "cc": 1717,
  "time": 6668.828
}