{
  "lut": 3640,
  "bram": 0,
  "ff": 3209,
  "dsp": 40,
  "snru": 1.2736972875515136,
  "wns": 4.357,
  "tns": 0.0,
  "target_clk": 8.0,
  "achieved_clk": 3.643,
  "total_power": 2.282,
  "dynamic_power": 0.069,
  "static_power": 2.213,
  "cc": 1288,
  "time": 4692.183999999999
}