{
  "lut": 9537,
  "ff": 6685,
  "dsp": 123,
  "bram": 10,
  "snru": 0.009790262920439243,
  "wns": 1.267,
  "tns": 0.0,
  "target_clk": 8.0,
  "achieved_clk": 6.7330000000000005,
  "total_power": 2.382,
  "dynamic_power": 0.167,
  "static_power": 2.215,
  "cc": 2918,
  "time": 19646.894
}