{
  "lut": 9155,
  "ff": 6557,
  "dsp": 0,
  "bram": 10,
  "snru": 0.0044960183619152504,
  "wns": 1.185,
  "tns": 0.0,
  "target_clk": 8.0,
  "achieved_clk": 6.8149999999999995,
  "total_power": 2.436,
  "dynamic_power": 0.22,
  "static_power": 2.216,
  "cc": 36632,
  "time": 249647.08
}