{
  "lut": 3455,
  "bram": 13,
  "ff": 2583,
  "dsp": 0,
  "snru": 0.0025703854297776376,
  "wns": 3.917,
  "tns": 0.0,
  "target_clk": 8.0,
  "achieved_clk": 4.083,
  "total_power": 2.264,
  "dynamic_power": 0.051,
  "static_power": 2.213,
  "cc": 1761,
  "time": 7190.1630000000005
}