{
  "lut": 12448,
  "bram": 6,
  "ff": 7277,
  "dsp": 131,
  "snru": 0.01067403622201865,
  "wns": 1.206,
  "tns": 0.0,
  "target_clk": 8.0,
  "achieved_clk": 6.794,
  "total_power": 2.337,
  "dynamic_power": 0.123,
  "static_power": 2.214,
  "cc": 1940,
  "time": 13180.359999999999
}