{
  "lut": 3932,
  "ff": 3454,
  "dsp": 40,
  "bram": 1,
  "snru": 1.3584515223952307,
  "wns": 3.395,
  "tns": 0.0,
  "target_clk": 8.0,
  "achieved_clk": 4.605,
  "total_power": 2.283,
  "dynamic_power": 0.07,
  "static_power": 2.213,
  "cc": 1175,
  "time": 5410.875000000001
}