{
  "lut": 24975,
  "ff": 13952,
  "dsp": 59,
  "bram": 0,
  "snru": 4.656714064942447,
  "wns": 1.161,
  "tns": 0.0,
  "target_clk": 8.0,
  "achieved_clk": 6.839,
  "total_power": 2.506,
  "dynamic_power": 0.289,
  "static_power": 2.217,
  "cc": 34305,
  "time": 234611.89500000002
}