{
  "lut": 1676,
  "ff": 1634,
  "dsp": 0,
  "bram": 6,
  "snru": 0.0012730343376337319,
  "wns": 5.036,
  "tns": 0.0,
  "target_clk": 8.0,
  "achieved_clk": 2.9640000000000004,
  "total_power": 2.245,
  "dynamic_power": 0.032,
  "static_power": 2.213,
  "cc": 2624,
  "time": 7777.536000000001
}