{
  "lut": 1536,
  "ff": 1363,
  "dsp": 0,
  "bram": 7,
  "snru": 0.0012870262022760645,
  "wns": 5.159,
  "tns": 0.0,
  "target_clk": 8.0,
  "achieved_clk": 2.841,
  "total_power": 2.241,
  "dynamic_power": 0.028,
  "static_power": 2.213,
  "cc": 2864,
  "time": 8136.624000000001
}