{
  "lut": 15619,
  "ff": 11399,
  "dsp": 49,
  "bram": 6,
  "snru": 3.4921465810816295,
  "wns": 2.017,
  "tns": 0.0,
  "target_clk": 8.0,
  "achieved_clk": 5.9830000000000005,
  "total_power": 2.611,
  "dynamic_power": 0.392,
  "static_power": 2.219,
  "cc": 49831383,
  "time": 298141164.489
}