{
  "lut": 15085,
  "bram": 0,
  "ff": 7075,
  "dsp": 58,
  "snru": 3.110854160745583,
  "wns": 2.129,
  "tns": 0.0,
  "target_clk": 8.0,
  "achieved_clk": 5.871,
  "total_power": 2.544,
  "dynamic_power": 0.326,
  "static_power": 2.218,
  "cc": 78849,
  "time": 462922.47900000005
}