{
  "lut": 432,
  "ff": 414,
  "dsp": 3,
  "bram": 0,
  "snru": 0.12370994386812562,
  "wns": 2.583,
  "tns": 0.0,
  "target_clk": 8.0,
  "achieved_clk": 5.417,
  "total_power": 2.223,
  "dynamic_power": 0.011,
  "static_power": 2.212,
  "cc": 8485,
  "time": 45963.244999999995
}