{
  "lut": 1569,
  "ff": 1364,
  "dsp": 0,
  "bram": 11,
  "snru": 0.0016686578954268933,
  "wns": 5.453,
  "tns": 0.0,
  "target_clk": 8.0,
  "achieved_clk": 2.5469999999999997,
  "total_power": 2.247,
  "dynamic_power": 0.034,
  "static_power": 2.213,
  "cc": 2750,
  "time": 7004.249999999999
}