{
  "lut": 23820,
  "ff": 14791,
  "dsp": 59,
  "bram": 0,
  "snru": 0.011430841926306192,
  "wns": 1.61,
  "tns": 0.0,
  "target_clk": 8.0,
  "achieved_clk": 6.39,
  "total_power": 2.489,
  "dynamic_power": 0.272,
  "static_power": 2.217,
  "cc": 34305,
  "time": 219208.94999999998
}