{
  "lut": 14849,
  "ff": 11415,
  "dsp": 49,
  "bram": 6,
  "snru": 3.404729180200572,
  "wns": 1.453,
  "tns": 0.0,
  "target_clk": 8.0,
  "achieved_clk": 6.547,
  "total_power": 2.605,
  "dynamic_power": 0.386,
  "static_power": 2.219,
  "cc": 49163735,
  "time": 321874973.04499996
}