{
  "lut": 15041,
  "ff": 11526,
  "dsp": 51,
  "bram": 10,
  "snru": 0.009038835754210738,
  "wns": 1.733,
  "tns": 0.0,
  "target_clk": 8.0,
  "achieved_clk": 6.2669999999999995,
  "total_power": 2.622,
  "dynamic_power": 0.403,
  "static_power": 2.219,
  "cc": 52282903,
  "time": 327656953.10099995
}