{
  "lut": 503,
  "ff": 443,
  "dsp": 3,
  "bram": 0,
  "snru": 0.13351858924257495,
  "wns": 2.569,
  "tns": 0.0,
  "target_clk": 8.0,
  "achieved_clk": 5.431,
  "total_power": 2.223,
  "dynamic_power": 0.011,
  "static_power": 2.212,
  "cc": 8346,
  "time": 45327.126000000004
}