{
  "lut": 5354,
  "ff": 7471,
  "dsp": 11,
  "bram": 0,
  "snru": 1.2275683441097058,
  "wns": 2.579,
  "tns": 0.0,
  "target_clk": 8.0,
  "achieved_clk": 5.420999999999999,
  "total_power": 2.335,
  "dynamic_power": 0.121,
  "static_power": 2.214,
  "cc": 2986065,
  "time": 16187458.364999998
}