{
  "lut": 6459,
  "ff": 4074,
  "dsp": 33,
  "bram": 0,
  "snru": 0.0038227627184879917,
  "wns": 2.1,
  "tns": 0.0,
  "target_clk": 8.0,
  "achieved_clk": 5.9,
  "total_power": 2.381,
  "dynamic_power": 0.166,
  "static_power": 2.215,
  "cc": 262913,
  "time": 1551186.7000000002
}