{
  "lut": 6753,
  "ff": 3676,
  "dsp": 11,
  "bram": 0,
  "snru": 1.1703799263417174,
  "wns": 2.688,
  "tns": 0.0,
  "target_clk": 8.0,
  "achieved_clk": 5.311999999999999,
  "total_power": 2.304,
  "dynamic_power": 0.09,
  "static_power": 2.214,
  "cc": 704593,
  "time": 3742798.0159999994
}