{
  "lut": 497,
  "ff": 435,
  "dsp": 3,
  "bram": 0,
  "snru": 0.0003309284481431481,
  "wns": 3.744,
  "tns": 0.0,
  "target_clk": 8.0,
  "achieved_clk": 4.256,
  "total_power": 2.223,
  "dynamic_power": 0.011,
  "static_power": 2.212,
  "cc": 8569,
  "time": 36469.664000000004
}