{
  "lut": 7895,
  "ff": 7913,
  "dsp": 0,
  "bram": 7,
  "snru": 1.6200325807635827,
  "wns": 3.98,
  "tns": 0.0,
  "target_clk": 8.0,
  "achieved_clk": 4.02,
  "total_power": 2.317,
  "dynamic_power": 0.103,
  "static_power": 2.214,
  "cc": 1406,
  "time": 5652.119999999999
}