{
  "lut": 14952,
  "ff": 11361,
  "dsp": 49,
  "bram": 6,
  "snru": 0.00853361994022243,
  "wns": 1.719,
  "tns": 0.0,
  "target_clk": 8.0,
  "achieved_clk": 6.281,
  "total_power": 2.604,
  "dynamic_power": 0.385,
  "static_power": 2.219,
  "cc": 49163735,
  "time": 308797419.53499997
}