{
  "lut": 11914,
  "ff": 8042,
  "dsp": 99,
  "bram": 10,
  "snru": 3.8634093727373005,
  "wns": 1.59,
  "tns": 0.0,
  "target_clk": 8.0,
  "achieved_clk": 6.41,
  "total_power": 2.384,
  "dynamic_power": 0.169,
  "static_power": 2.215,
  "cc": 2042,
  "time": 13089.220000000001
}