{
  "lut": 28514,
  "ff": 18166,
  "dsp": 0,
  "bram": 10,
  "snru": 0.011712972978288232,
  "wns": 0.706,
  "tns": 0.0,
  "target_clk": 8.0,
  "achieved_clk": 7.2940000000000005,
  "total_power": 2.777,
  "dynamic_power": 0.555,
  "static_power": 2.222,
  "cc": 27275,
  "time": 198943.85
}