{
  "lut": 6205,
  "ff": 3498,
  "dsp": 0,
  "bram": 7,
  "snru": 1.172907488986784,
  "wns": 4.402,
  "tns": 0.0,
  "target_clk": 8.0,
  "achieved_clk": 3.598,
  "total_power": 2.282,
  "dynamic_power": 0.069,
  "static_power": 2.213,
  "cc": 1970,
  "time": 7088.0599999999995
}