{
  "lut": 4260,
  "ff": 2748,
  "dsp": 40,
  "bram": 4,
  "snru": 1.467190640289084,
  "wns": 3.214,
  "tns": 0.0,
  "target_clk": 8.0,
  "achieved_clk": 4.786,
  "total_power": 2.298,
  "dynamic_power": 0.084,
  "static_power": 2.214,
  "cc": 1219,
  "time": 5834.133999999999
}