{
  "lut": 451,
  "ff": 417,
  "dsp": 3,
  "bram": 0,
  "snru": 0.12606172433802282,
  "wns": 3.802,
  "tns": 0.0,
  "target_clk": 8.0,
  "achieved_clk": 4.198,
  "total_power": 2.222,
  "dynamic_power": 0.01,
  "static_power": 2.212,
  "cc": 8569,
  "time": 35972.662000000004
}