{
  "lut": 6526,
  "ff": 4639,
  "dsp": 6,
  "bram": 0,
  "snru": 1.1155710441239164,
  "wns": 0.602,
  "tns": 0.0,
  "target_clk": 8.0,
  "achieved_clk": 7.398,
  "total_power": 2.268,
  "dynamic_power": 0.055,
  "static_power": 2.213,
  "cc": 1787,
  "time": 13220.225999999999
}