{
  "lut": 1707,
  "ff": 1623,
  "dsp": 0,
  "bram": 14,
  "snru": 0.8097581681350954,
  "wns": 4.594,
  "tns": 0.0,
  "target_clk": 8.0,
  "achieved_clk": 3.4059999999999997,
  "total_power": 2.242,
  "dynamic_power": 0.029,
  "static_power": 2.213,
  "cc": 130356,
  "time": 443992.53599999996
}