{
  "lut": 9666,
  "bram": 2,
  "ff": 4041,
  "dsp": 45,
  "snru": 2.171140098340743,
  "wns": 1.134,
  "tns": 0.0,
  "target_clk": 8.0,
  "achieved_clk": 6.866,
  "total_power": 2.376,
  "dynamic_power": 0.161,
  "static_power": 2.215,
  "cc": 522,
  "time": 3584.0519999999997
}