{
  "lut": 420,
  "ff": 345,
  "dsp": 3,
  "bram": 0,
  "snru": 0.0002959385435910189,
  "wns": 2.555,
  "tns": 0.0,
  "target_clk": 8.0,
  "achieved_clk": 5.445,
  "total_power": 2.222,
  "dynamic_power": 0.01,
  "static_power": 2.212,
  "cc": 8681,
  "time": 47268.045000000006
}