{
  "lut": 1182,
  "ff": 1272,
  "dsp": 6,
  "bram": 0,
  "snru": 0.0007734230673582493,
  "wns": 2.257,
  "tns": 0.0,
  "target_clk": 8.0,
  "achieved_clk": 5.743,
  "total_power": 2.236,
  "dynamic_power": 0.023,
  "static_power": 2.213,
  "cc": 4243,
  "time": 24367.549000000003
}