{
  "lut": 14857,
  "ff": 11272,
  "dsp": 49,
  "bram": 6,
  "snru": 3.3974443967938175,
  "wns": 1.748,
  "tns": 0.0,
  "target_clk": 8.0,
  "achieved_clk": 6.252,
  "total_power": 2.596,
  "dynamic_power": 0.377,
  "static_power": 2.219,
  "cc": 48999594,
  "time": 306345461.68799996
}