{
  "lut": 5438,
  "ff": 3082,
  "dsp": 0,
  "bram": 3,
  "snru": 0.0022806124790224463,
  "wns": 4.962,
  "tns": 0.0,
  "target_clk": 8.0,
  "achieved_clk": 3.0380000000000003,
  "total_power": 2.252,
  "dynamic_power": 0.039,
  "static_power": 2.213,
  "cc": 1890,
  "time": 5741.820000000001
}