{
  "lut": 144524,
  "ff": 92604,
  "dsp": 39,
  "bram": 0,
  "snru": 22.54699120126948,
  "wns": 0.345,
  "tns": 0.0,
  "target_clk": 8.0,
  "achieved_clk": 7.655,
  "total_power": 3.447,
  "dynamic_power": 1.213,
  "static_power": 2.234,
  "cc": 35345,
  "time": 270565.97500000003
}