{
  "lut": 7673,
  "bram": 7,
  "ff": 3098,
  "dsp": 0,
  "snru": 0.003295934287812041,
  "wns": 3.129,
  "tns": 0.0,
  "target_clk": 8.0,
  "achieved_clk": 4.871,
  "total_power": 2.278,
  "dynamic_power": 0.064,
  "static_power": 2.213,
  "cc": 1535,
  "time": 7476.985000000001
}