{
  "lut": 1690,
  "ff": 1634,
  "dsp": 0,
  "bram": 6,
  "snru": 0.001277049572582337,
  "wns": 5.06,
  "tns": 0.0,
  "target_clk": 8.0,
  "achieved_clk": 2.9400000000000004,
  "total_power": 2.243,
  "dynamic_power": 0.03,
  "static_power": 2.213,
  "cc": 2624,
  "time": 7714.560000000001
}