{
  "lut": 1713,
  "bram": 0,
  "ff": 1004,
  "dsp": 11,
  "snru": 0.4389188397044195,
  "wns": 2.773,
  "tns": 0.0,
  "target_clk": 8.0,
  "achieved_clk": 5.227,
  "total_power": 2.255,
  "dynamic_power": 0.042,
  "static_power": 2.213,
  "cc": 2990225,
  "time": 15629906.075000001
}