{
  "lut": 30981,
  "ff": 12575,
  "dsp": 85,
  "bram": 0,
  "snru": 5.703570931623324,
  "wns": 1.058,
  "tns": 0.0,
  "target_clk": 8.0,
  "achieved_clk": 6.942,
  "total_power": 2.939,
  "dynamic_power": 0.714,
  "static_power": 2.225,
  "cc": 47617,
  "time": 330557.21400000004
}