{
  "lut": 1390,
  "ff": 1324,
  "dsp": 11,
  "bram": 0,
  "snru": 0.42021931694377335,
  "wns": 2.299,
  "tns": 0.0,
  "target_clk": 8.0,
  "achieved_clk": 5.7010000000000005,
  "total_power": 2.227,
  "dynamic_power": 0.015,
  "static_power": 2.212,
  "cc": 1601681,
  "time": 9131183.381000001
}