{
  "lut": 25512,
  "ff": 26947,
  "dsp": 22,
  "bram": 0,
  "snru": 0.012105197860416372,
  "wns": 1.06,
  "tns": 0.0,
  "target_clk": 8.0,
  "achieved_clk": 6.9399999999999995,
  "total_power": 2.529,
  "dynamic_power": 0.311,
  "static_power": 2.218,
  "cc": 204897,
  "time": 1421985.18
}