{
  "lut": 2565,
  "bram": 0,
  "ff": 1359,
  "dsp": 3,
  "snru": 0.001056538763855336,
  "wns": 2.605,
  "tns": 0.0,
  "target_clk": 8.0,
  "achieved_clk": 5.395,
  "total_power": 2.247,
  "dynamic_power": 0.034,
  "static_power": 2.213,
  "cc": 3827,
  "time": 20646.664999999997
}