{
  "lut": 6196,
  "ff": 3670,
  "dsp": 11,
  "bram": 0,
  "snru": 0.0027653404179100944,
  "wns": 1.701,
  "tns": 0.0,
  "target_clk": 8.0,
  "achieved_clk": 6.2989999999999995,
  "total_power": 2.372,
  "dynamic_power": 0.157,
  "static_power": 2.215,
  "cc": -1,
  "time": -1.0
}