{
  "lut": 33328,
  "ff": 9614,
  "dsp": 50,
  "bram": 0,
  "snru": 0.013037347606105821,
  "wns": 1.909,
  "tns": 0.0,
  "target_clk": 8.0,
  "achieved_clk": 6.091,
  "total_power": 2.764,
  "dynamic_power": 0.542,
  "static_power": 2.222,
  "cc": 139841,
  "time": 851771.5310000001
}