{
  "lut": 5108,
  "ff": 2137,
  "dsp": 3,
  "bram": 0,
  "snru": 0.001897443683091753,
  "wns": 2.547,
  "tns": 0.0,
  "target_clk": 8.0,
  "achieved_clk": 5.452999999999999,
  "total_power": 2.262,
  "dynamic_power": 0.049,
  "static_power": 2.213,
  "cc": 4469,
  "time": 24369.457
}