{
  "lut": 26913,
  "ff": 14094,
  "dsp": 48,
  "bram": 0,
  "snru": 0.01175594180758846,
  "wns": 1.523,
  "tns": 0.0,
  "target_clk": 8.0,
  "achieved_clk": 6.477,
  "total_power": 2.557,
  "dynamic_power": 0.339,
  "static_power": 2.218,
  "cc": 687,
  "time": 4449.6990000000005
}