{
  "lut": 8722,
  "ff": 8474,
  "dsp": 0,
  "bram": 7,
  "snru": 0.0043677152165932445,
  "wns": 2.846,
  "tns": 0.0,
  "target_clk": 8.0,
  "achieved_clk": 5.154,
  "total_power": 2.347,
  "dynamic_power": 0.132,
  "static_power": 2.214,
  "cc": 1885,
  "time": 9715.289999999999
}