{
  "lut": 33088,
  "ff": 18237,
  "dsp": 6,
  "bram": 0,
  "snru": 4.942778276135664,
  "wns": 1.355,
  "tns": 0.0,
  "target_clk": 8.0,
  "achieved_clk": 6.645,
  "total_power": 2.556,
  "dynamic_power": 0.337,
  "static_power": 2.218,
  "cc": 6874,
  "time": 45677.729999999996
}