{
  "lut": 23464,
  "ff": 10357,
  "dsp": 6,
  "bram": 0,
  "snru": 0.00846675663013358,
  "wns": 0.82,
  "tns": 0.0,
  "target_clk": 8.0,
  "achieved_clk": 7.18,
  "total_power": 2.325,
  "dynamic_power": 0.111,
  "static_power": 2.214,
  "cc": 2020,
  "time": 14503.599999999999
}