{
  "lut": 18415,
  "bram": 6,
  "ff": 12780,
  "dsp": 49,
  "snru": 0.009730303356154883,
  "wns": 1.445,
  "tns": 0.0,
  "target_clk": 8.0,
  "achieved_clk": 6.555,
  "total_power": 2.685,
  "dynamic_power": 0.465,
  "static_power": 2.22,
  "cc": 39482839,
  "time": 258810009.64499998
}