{
  "lut": 13941,
  "ff": 5716,
  "dsp": 9,
  "bram": 0,
  "snru": 2.07840773175122,
  "wns": 1.464,
  "tns": 0.0,
  "target_clk": 8.0,
  "achieved_clk": 6.536,
  "total_power": 2.509,
  "dynamic_power": 0.292,
  "static_power": 2.217,
  "cc": 5683,
  "time": 37144.087999999996
}