{
  "lut": 3422,
  "bram": 4,
  "ff": 2574,
  "dsp": 43,
  "snru": 0.003528692356134581,
  "wns": 4.22,
  "tns": 0.0,
  "target_clk": 8.0,
  "achieved_clk": 3.78,
  "total_power": 2.286,
  "dynamic_power": 0.073,
  "static_power": 2.213,
  "cc": 1299,
  "time": 4910.219999999999
}