{
  "lut": 6207,
  "ff": 4075,
  "dsp": 33,
  "bram": 0,
  "snru": 0.003750631890661267,
  "wns": 1.72,
  "tns": 0.0,
  "target_clk": 8.0,
  "achieved_clk": 6.28,
  "total_power": 2.433,
  "dynamic_power": 0.217,
  "static_power": 2.216,
  "cc": 262913,
  "time": 1651093.6400000001
}