{
  "lut": 17666,
  "ff": 13285,
  "dsp": 60,
  "bram": 6,
  "snru": 0.010049935486620042,
  "wns": 1.782,
  "tns": 0.0,
  "target_clk": 8.0,
  "achieved_clk": 6.218,
  "total_power": 2.69,
  "dynamic_power": 0.469,
  "static_power": 2.22,
  "cc": 47510915,
  "time": 295422869.46999997
}