{
  "lut": 1583,
  "ff": 1656,
  "dsp": 0,
  "bram": 5,
  "snru": 0.46260423222152297,
  "wns": 4.674,
  "tns": 0.0,
  "target_clk": 8.0,
  "achieved_clk": 3.3259999999999996,
  "total_power": 2.245,
  "dynamic_power": 0.032,
  "static_power": 2.213,
  "cc": 2678,
  "time": 8907.027999999998
}