{
  "lut": 4116,
  "bram": 10,
  "ff": 2936,
  "dsp": 47,
  "snru": 0.00450569100739628,
  "wns": 1.191,
  "tns": 0.0,
  "target_clk": 8.0,
  "achieved_clk": 6.809,
  "total_power": 2.332,
  "dynamic_power": 0.118,
  "static_power": 2.214,
  "cc": 14803,
  "time": 100793.62700000001
}