{
  "lut": 4156,
  "ff": 3343,
  "dsp": 45,
  "bram": 0,
  "wns": 0.956,
  "tns": 0,
  "target_clk": 8.0,
  "achieved_clk": 7.0440000000000005,
  "total_power": 2.298,
  "dynamic_power": 0.085,
  "static_power": 2.214,
  "cc": 655,
  "time": 4613.820000000001
}