{
  "lut": 6334,
  "ff": 4076,
  "dsp": 33,
  "bram": 0,
  "snru": 0.003787199208943205,
  "wns": 1.837,
  "tns": 0.0,
  "target_clk": 8.0,
  "achieved_clk": 6.163,
  "total_power": 2.432,
  "dynamic_power": 0.216,
  "static_power": 2.216,
  "cc": 262913,
  "time": 1620332.8190000001
}