{
  "lut": 27332,
  "ff": 12502,
  "dsp": 262,
  "bram": 32,
  "snru": 0.023612583011480136,
  "wns": 0.308,
  "tns": 0.0,
  "target_clk": 8.0,
  "achieved_clk": 7.692,
  "total_power": 3.191,
  "dynamic_power": 0.962,
  "static_power": 2.229,
  "cc": 15697,
  "time": 120741.32400000001
}