{
  "lut": 40264,
  "ff": 40570,
  "dsp": 208,
  "bram": 0,
  "snru": 10.440865396002083,
  "wns": 0.904,
  "tns": 0.0,
  "target_clk": 8.0,
  "achieved_clk": 7.096,
  "total_power": 3.136,
  "dynamic_power": 0.908,
  "static_power": 2.228,
  "cc": 2427,
  "time": 17221.992000000002
}