{
  "lut": 19052,
  "ff": 4376,
  "dsp": 11,
  "bram": 0,
  "snru": 0.006553714591918905,
  "wns": 2.458,
  "tns": 0.0,
  "target_clk": 8.0,
  "achieved_clk": 5.542,
  "total_power": 2.427,
  "dynamic_power": 0.211,
  "static_power": 2.216,
  "cc": 2806417,
  "time": 15553163.013999999
}