{
  "lut": 18261,
  "ff": 12731,
  "dsp": 49,
  "bram": 6,
  "snru": 0.009679109110560169,
  "wns": 1.789,
  "tns": 0.0,
  "target_clk": 8.0,
  "achieved_clk": 6.211,
  "total_power": 2.668,
  "dynamic_power": 0.448,
  "static_power": 2.22,
  "cc": 49075063,
  "time": 304805216.29300004
}