{
  "lut": 2032,
  "ff": 1690,
  "dsp": 0,
  "bram": 14,
  "snru": 0.002127214115271659,
  "wns": 2.608,
  "tns": 0.0,
  "target_clk": 8.0,
  "achieved_clk": 5.3919999999999995,
  "total_power": 2.257,
  "dynamic_power": 0.045,
  "static_power": 2.213,
  "cc": 123969,
  "time": 668440.8479999999
}