{
  "lut": 10759,
  "ff": 8220,
  "dsp": 42,
  "bram": 0,
  "snru": 2.411431688456255,
  "wns": 2.156,
  "tns": 0.0,
  "target_clk": 8.0,
  "achieved_clk": 5.843999999999999,
  "total_power": 2.476,
  "dynamic_power": 0.259,
  "static_power": 2.217,
  "cc": 34049,
  "time": 198982.35599999997
}