{
  "lut": 7354,
  "ff": 4094,
  "dsp": 33,
  "bram": 0,
  "snru": 0.004082318977665672,
  "wns": 2.023,
  "tns": 0.0,
  "target_clk": 8.0,
  "achieved_clk": 5.977,
  "total_power": 2.434,
  "dynamic_power": 0.218,
  "static_power": 2.216,
  "cc": 262913,
  "time": 1571431.0010000002
}