{
  "lut": 15068,
  "ff": 11323,
  "dsp": 49,
  "bram": 22,
  "snru": 4.019814008184629,
  "wns": 1.8,
  "tns": 0.0,
  "target_clk": 8.0,
  "achieved_clk": 6.2,
  "total_power": 2.607,
  "dynamic_power": 0.388,
  "static_power": 2.219,
  "cc": 48496087,
  "time": 300675739.40000004
}