{
  "lut": 15497,
  "ff": 11352,
  "dsp": 49,
  "bram": 6,
  "snru": 0.008688636689488216,
  "wns": 1.653,
  "tns": 0.0,
  "target_clk": 8.0,
  "achieved_clk": 6.3469999999999995,
  "total_power": 2.616,
  "dynamic_power": 0.397,
  "static_power": 2.219,
  "cc": 49195031,
  "time": 312240861.75699997
}