{
  "lut": 19472,
  "ff": 19739,
  "dsp": 49,
  "bram": 6,
  "snru": 0.011031382880751065,
  "wns": 1.767,
  "tns": 0.0,
  "target_clk": 8.0,
  "achieved_clk": 6.2330000000000005,
  "total_power": 2.677,
  "dynamic_power": 0.457,
  "static_power": 2.22,
  "cc": 48516951,
  "time": 302406155.583
}