{
  "lut": 6753,
  "ff": 4539,
  "dsp": 33,
  "bram": 0,
  "snru": 0.003973764232805173,
  "wns": 2.009,
  "tns": 0.0,
  "target_clk": 8.0,
  "achieved_clk": 5.991,
  "total_power": 2.417,
  "dynamic_power": 0.201,
  "static_power": 2.216,
  "cc": 262785,
  "time": 1574344.9349999998
}