{
  "lut": 4953,
  "ff": 4134,
  "dsp": 54,
  "bram": 0,
  "snru": 0.004281498685519398,
  "wns": 2.833,
  "tns": 0.0,
  "target_clk": 8.0,
  "achieved_clk": 5.167,
  "total_power": 2.319,
  "dynamic_power": 0.105,
  "static_power": 2.214,
  "cc": 1251,
  "time": 6463.9169999999995
}