{
  "lut": 1424,
  "ff": 997,
  "dsp": 11,
  "bram": 0,
  "snru": 0.40536294763393493,
  "wns": 2.678,
  "tns": 0.0,
  "target_clk": 8.0,
  "achieved_clk": 5.322,
  "total_power": 2.249,
  "dynamic_power": 0.036,
  "static_power": 2.213,
  "cc": 2990225,
  "time": 15913977.450000001
}