{
  "lut": 4526,
  "bram": 6,
  "ff": 3642,
  "dsp": 47,
  "snru": 0.004352497502571442,
  "wns": 1.919,
  "tns": 0.0,
  "target_clk": 8.0,
  "achieved_clk": 6.081,
  "total_power": 2.341,
  "dynamic_power": 0.126,
  "static_power": 2.214,
  "cc": 13903,
  "time": 84544.14300000001
}