{
  "lut": 48342,
  "ff": 39173,
  "dsp": 208,
  "bram": 0,
  "snru": 0.028218622511664536,
  "wns": 1.017,
  "tns": 0.0,
  "target_clk": 8.0,
  "achieved_clk": 6.9830000000000005,
  "total_power": 3.304,
  "dynamic_power": 1.073,
  "static_power": 2.231,
  "cc": 2427,
  "time": 16947.741
}