{
  "lut": 1698,
  "ff": 1622,
  "dsp": 0,
  "bram": 14,
  "snru": 0.002021670796622614,
  "wns": 4.735,
  "tns": 0.0,
  "target_clk": 8.0,
  "achieved_clk": 3.2649999999999997,
  "total_power": 2.245,
  "dynamic_power": 0.032,
  "static_power": 2.213,
  "cc": 126268,
  "time": 412265.01999999996
}