{
  "lut": 1851,
  "bram": 0,
  "ff": 985,
  "dsp": 11,
  "snru": 0.001134151220039316,
  "wns": 2.071,
  "tns": 0.0,
  "target_clk": 8.0,
  "achieved_clk": 5.929,
  "total_power": 2.253,
  "dynamic_power": 0.04,
  "static_power": 2.213,
  "cc": 696337,
  "time": 4128582.0730000003
}