{
  "lut": 4185,
  "bram": 10,
  "ff": 3043,
  "dsp": 51,
  "snru": 1.8835340263538982,
  "wns": 2.063,
  "tns": 0.0,
  "target_clk": 8.0,
  "achieved_clk": 5.937,
  "total_power": 2.329,
  "dynamic_power": 0.115,
  "static_power": 2.214,
  "cc": 15053,
  "time": 89369.66100000001
}