{
  "lut": 6285,
  "ff": 3728,
  "dsp": 11,
  "bram": 0,
  "snru": 0.002799183112476908,
  "wns": 1.685,
  "tns": 0.0,
  "target_clk": 8.0,
  "achieved_clk": 6.3149999999999995,
  "total_power": 2.371,
  "dynamic_power": 0.156,
  "static_power": 2.215,
  "cc": -1,
  "time": -1.0
}