{
  "lut": 1990,
  "ff": 1700,
  "dsp": 9,
  "bram": 0,
  "snru": 0.4770173132490171,
  "wns": 1.988,
  "tns": 0.0,
  "target_clk": 8.0,
  "achieved_clk": 6.0120000000000005,
  "total_power": 2.245,
  "dynamic_power": 0.032,
  "static_power": 2.213,
  "cc": 3611,
  "time": 21709.332000000002
}