{
  "lut": 8323,
  "ff": 3695,
  "dsp": 71,
  "bram": 18,
  "snru": 3.029289116794224,
  "wns": 1.408,
  "tns": 0.0,
  "target_clk": 8.0,
  "achieved_clk": 6.5920000000000005,
  "total_power": 2.3,
  "dynamic_power": 0.086,
  "static_power": 2.214,
  "cc": 6838,
  "time": 45076.096000000005
}