{
  "lut": 33667,
  "ff": 18006,
  "dsp": 9,
  "bram": 0,
  "snru": 0.012615886711903748,
  "wns": 2.772,
  "tns": 0.0,
  "target_clk": 8.0,
  "achieved_clk": 5.228,
  "total_power": 2.442,
  "dynamic_power": 0.226,
  "static_power": 2.216,
  "cc": 10824,
  "time": 56587.871999999996
}