{
  "lut": 6204,
  "ff": 4074,
  "dsp": 33,
  "bram": 0,
  "snru": 0.0037496280819241156,
  "wns": 1.863,
  "tns": 0.0,
  "target_clk": 8.0,
  "achieved_clk": 6.1370000000000005,
  "total_power": 2.431,
  "dynamic_power": 0.215,
  "static_power": 2.216,
  "cc": 262913,
  "time": 1613497.081
}