{
  "lut": 4978,
  "ff": 1569,
  "dsp": 0,
  "bram": 8,
  "snru": 0.002396747004143067,
  "wns": 3.969,
  "tns": 0.0,
  "target_clk": 8.0,
  "achieved_clk": 4.031000000000001,
  "total_power": 2.263,
  "dynamic_power": 0.05,
  "static_power": 2.213,
  "cc": 1583,
  "time": 6381.073000000001
}