{
  "lut": 11150,
  "ff": 6570,
  "dsp": 42,
  "bram": 0,
  "snru": 0.005904106937733883,
  "wns": 1.006,
  "tns": 0.0,
  "target_clk": 8.0,
  "achieved_clk": 6.994,
  "total_power": 2.385,
  "dynamic_power": 0.17,
  "static_power": 2.215,
  "cc": 7504,
  "time": 52482.975999999995
}