{
  "lut": 28517,
  "ff": 18166,
  "dsp": 0,
  "bram": 10,
  "snru": 4.685533354310888,
  "wns": 0.568,
  "tns": 0.0,
  "target_clk": 8.0,
  "achieved_clk": 7.432,
  "total_power": 2.778,
  "dynamic_power": 0.556,
  "static_power": 2.222,
  "cc": 27275,
  "time": 202707.80000000002
}