{
  "lut": 3044,
  "bram": 4,
  "ff": 2138,
  "dsp": 45,
  "snru": 1.3767053778666505,
  "wns": 3.054,
  "tns": 0.0,
  "target_clk": 8.0,
  "achieved_clk": 4.946,
  "total_power": 2.287,
  "dynamic_power": 0.074,
  "static_power": 2.213,
  "cc": 839,
  "time": 4149.6939999999995
}