{
  "lut": 3843,
  "bram": 8,
  "ff": 1578,
  "dsp": 0,
  "snru": 0.8290067128172856,
  "wns": 5.146,
  "tns": 0.0,
  "target_clk": 8.0,
  "achieved_clk": 2.854,
  "total_power": 2.247,
  "dynamic_power": 0.035,
  "static_power": 2.213,
  "cc": 2566,
  "time": 7323.3640000000005
}