{
  "lut": 10791,
  "ff": 8733,
  "dsp": 3,
  "bram": 0,
  "snru": 1.7892867610487424,
  "wns": 1.406,
  "tns": 0.0,
  "target_clk": 8.0,
  "achieved_clk": 6.594,
  "total_power": 2.327,
  "dynamic_power": 0.113,
  "static_power": 2.214,
  "cc": 3938,
  "time": 25967.172000000002
}