{
  "lut": 2073,
  "ff": 1079,
  "dsp": 3,
  "bram": 0,
  "snru": 0.35011183447018146,
  "wns": 3.079,
  "tns": 0.0,
  "target_clk": 8.0,
  "achieved_clk": 4.920999999999999,
  "total_power": 2.229,
  "dynamic_power": 0.017,
  "static_power": 2.212,
  "cc": 3549,
  "time": 17464.628999999997
}