{
  "lut": 4097,
  "ff": 2113,
  "dsp": 3,
  "bram": 0,
  "wns": 0.81,
  "tns": 0,
  "target_clk": 8.0,
  "achieved_clk": 7.1899999999999995,
  "total_power": 2.256,
  "dynamic_power": 0.043,
  "static_power": 2.213,
  "cc": 3371,
  "time": 24237.489999999998
}