{
  "lut": 4097,
  "ff": 2113,
  "dsp": 3,
  "bram": 0,
  "snru": 0.0016040447293472597,
  "wns": 1.81,
  "tns": 0.0,
  "target_clk": 8.0,
  "achieved_clk": 6.1899999999999995,
  "total_power": 2.256,
  "dynamic_power": 0.043,
  "static_power": 2.213,
  "cc": 3371,
  "time": 20866.489999999998
}