{
  "lut": 12089,
  "ff": 7498,
  "dsp": 61,
  "bram": 0,
  "snru": 2.8418167661408744,
  "wns": 2.119,
  "tns": 0.0,
  "target_clk": 8.0,
  "achieved_clk": 5.881,
  "total_power": 2.495,
  "dynamic_power": 0.278,
  "static_power": 2.217,
  "cc": 78081,
  "time": 459194.36100000003
}