{
  "lut": 15590,
  "ff": 11502,
  "dsp": 51,
  "bram": 6,
  "snru": 3.528329954086224,
  "wns": 1.479,
  "tns": 0.0,
  "target_clk": 8.0,
  "achieved_clk": 6.521,
  "total_power": 2.602,
  "dynamic_power": 0.383,
  "static_power": 2.219,
  "cc": 49197639,
  "time": 320817803.91899997
}