Index,Target,Prediction
7,1849.0,2.901554584503174
24,2292.0,2.901555299758911
75,3817.0,2.9015612602233887
79,6935.0,2.9015586376190186
103,8211.0,2.9015612602233887
125,7919.0,2.9015586376190186
170,7730.0,2.901561975479126
214,1463.0,2.901554822921753
232,3033.0,2.901562213897705
300,6176.0,2.9015610218048096
