{
  "lut": 1990,
  "ff": 1700,
  "dsp": 9,
  "bram": 0,
  "wns": 0.988,
  "tns": 0,
  "target_clk": 8.0,
  "achieved_clk": 7.0120000000000005,
  "total_power": 2.245,
  "dynamic_power": 0.032,
  "static_power": 2.213,
  "cc": 3611,
  "time": 25320.332000000002
}