{
  "lut": 9814,
  "bram": 6,
  "ff": 8760,
  "dsp": 0,
  "snru": 1.8515641388714075,
  "wns": 3.614,
  "tns": 0.0,
  "target_clk": 8.0,
  "achieved_clk": 4.386,
  "total_power": 2.355,
  "dynamic_power": 0.141,
  "static_power": 2.215,
  "cc": 1555,
  "time": 6820.2300000000005
}