{
  "lut": 2249,
  "ff": 1314,
  "dsp": 0,
  "bram": 4,
  "snru": 0.48218874554226976,
  "wns": 4.009,
  "tns": 0.0,
  "target_clk": 8.0,
  "achieved_clk": 3.9909999999999997,
  "total_power": 2.241,
  "dynamic_power": 0.029,
  "static_power": 2.213,
  "cc": 1744,
  "time": 6960.303999999999
}