{
  "lut": 100139,
  "ff": 61660,
  "dsp": 82,
  "bram": 256,
  "snru": 25.926392152533882,
  "wns": 0.177,
  "tns": 0.0,
  "target_clk": 8.0,
  "achieved_clk": 7.823,
  "total_power": 4.141,
  "dynamic_power": 1.894,
  "static_power": 2.247,
  "cc": 34316554,
  "time": 268458401.94200003
}