{
  "lut": 4790,
  "ff": 3227,
  "dsp": 45,
  "bram": 1,
  "snru": 0.003819666705365179,
  "wns": 2.454,
  "tns": 0.0,
  "target_clk": 8.0,
  "achieved_clk": 5.545999999999999,
  "total_power": 2.3,
  "dynamic_power": 0.087,
  "static_power": 2.214,
  "cc": 629,
  "time": 3488.4339999999997
}