{
  "lut": 1799,
  "bram": 8,
  "ff": 1150,
  "dsp": 0,
  "snru": 0.001424916745332494,
  "wns": 5.529,
  "tns": 0.0,
  "target_clk": 8.0,
  "achieved_clk": 2.471,
  "total_power": 2.232,
  "dynamic_power": 0.019,
  "static_power": 2.212,
  "cc": 2422,
  "time": 5984.762000000001
}