{
  "lut": 7366,
  "ff": 3528,
  "dsp": 45,
  "bram": 18,
  "snru": 2.473093960832877,
  "wns": 1.756,
  "tns": 0.0,
  "target_clk": 8.0,
  "achieved_clk": 6.244,
  "total_power": 2.36,
  "dynamic_power": 0.145,
  "static_power": 2.215,
  "cc": 10936,
  "time": 68284.38399999999
}