{
  "lut": 5264,
  "ff": 3540,
  "dsp": 79,
  "bram": 18,
  "snru": 2.8038753070504883,
  "wns": 1.427,
  "tns": 0.0,
  "target_clk": 8.0,
  "achieved_clk": 6.573,
  "total_power": 2.304,
  "dynamic_power": 0.09,
  "static_power": 2.214,
  "cc": 9202,
  "time": 60484.74600000001
}