{
  "lut": 7936,
  "ff": 2930,
  "dsp": 36,
  "bram": 0,
  "snru": 0.004208327042181801,
  "wns": 2.831,
  "tns": 0.0,
  "target_clk": 8.0,
  "achieved_clk": 5.1690000000000005,
  "total_power": 2.328,
  "dynamic_power": 0.114,
  "static_power": 2.214,
  "cc": 1074,
  "time": 5551.506
}