{
  "lut": 18422,
  "ff": 12753,
  "dsp": 49,
  "bram": 6,
  "snru": 3.8913756559714976,
  "wns": 1.669,
  "tns": 0.0,
  "target_clk": 8.0,
  "achieved_clk": 6.3309999999999995,
  "total_power": 2.682,
  "dynamic_power": 0.462,
  "static_power": 2.22,
  "cc": 48996823,
  "time": 310198886.413
}