{
  "lut": 931,
  "ff": 472,
  "dsp": 3,
  "bram": 0,
  "snru": 0.0004607065777319881,
  "wns": 3.422,
  "tns": 0.0,
  "target_clk": 8.0,
  "achieved_clk": 4.577999999999999,
  "total_power": 2.228,
  "dynamic_power": 0.015,
  "static_power": 2.212,
  "cc": 7831,
  "time": 35850.31799999999
}