{
  "lut": 2893,
  "bram": 4,
  "ff": 2206,
  "dsp": 40,
  "snru": 0.0031981941117359266,
  "wns": 4.228,
  "tns": 0.0,
  "target_clk": 8.0,
  "achieved_clk": 3.772,
  "total_power": 2.277,
  "dynamic_power": 0.063,
  "static_power": 2.213,
  "cc": 1299,
  "time": 4899.8279999999995
}