{
  "lut": 58431,
  "ff": 31902,
  "dsp": 59,
  "bram": 0,
  "snru": 0.023811101884088866,
  "wns": 1.658,
  "tns": 0.0,
  "target_clk": 8.0,
  "achieved_clk": 6.3420000000000005,
  "total_power": 2.561,
  "dynamic_power": 0.343,
  "static_power": 2.218,
  "cc": 34305,
  "time": 217562.31000000003
}