{
  "lut": 12307,
  "ff": 7526,
  "dsp": 22,
  "bram": 0,
  "snru": 0.00553297525579082,
  "wns": 2.228,
  "tns": 0.0,
  "target_clk": 8.0,
  "achieved_clk": 5.772,
  "total_power": 2.365,
  "dynamic_power": 0.151,
  "static_power": 2.215,
  "cc": 594193,
  "time": 3429681.9960000003
}