{
  "lut": 4455,
  "ff": 3697,
  "dsp": 40,
  "bram": 1,
  "snru": 0.003580973014872071,
  "wns": 4.57,
  "tns": 0.0,
  "target_clk": 8.0,
  "achieved_clk": 3.4299999999999997,
  "total_power": 2.288,
  "dynamic_power": 0.075,
  "static_power": 2.213,
  "cc": 1203,
  "time": 4126.29
}