{
  "lut": 979,
  "ff": 729,
  "dsp": 3,
  "bram": 0,
  "snru": 0.0005113272183340439,
  "wns": 1.967,
  "tns": 0.0,
  "target_clk": 8.0,
  "achieved_clk": 6.0329999999999995,
  "total_power": 2.224,
  "dynamic_power": 0.011,
  "static_power": 2.212,
  "cc": 4232,
  "time": 25531.656
}