{
  "lut": 8137,
  "ff": 4262,
  "dsp": 0,
  "bram": 5,
  "snru": 1.363967117684078,
  "wns": 3.187,
  "tns": 0.0,
  "target_clk": 8.0,
  "achieved_clk": 4.813000000000001,
  "total_power": 2.32,
  "dynamic_power": 0.106,
  "static_power": 2.214,
  "cc": 1468,
  "time": 7065.484000000001
}