{
  "lut": 15195,
  "ff": 11646,
  "dsp": 49,
  "bram": 6,
  "snru": 0.008644182302557231,
  "wns": 1.685,
  "tns": 0.0,
  "target_clk": 8.0,
  "achieved_clk": 6.3149999999999995,
  "total_power": 2.6,
  "dynamic_power": 0.381,
  "static_power": 2.219,
  "cc": 49163572,
  "time": 310467957.17999995
}