{
  "lut": 7329,
  "ff": 4096,
  "dsp": 33,
  "bram": 0,
  "snru": 1.6301742871015108,
  "wns": 2.113,
  "tns": 0.0,
  "target_clk": 8.0,
  "achieved_clk": 5.8870000000000005,
  "total_power": 2.431,
  "dynamic_power": 0.215,
  "static_power": 2.216,
  "cc": 262913,
  "time": 1547768.831
}