{
  "lut": 20742,
  "ff": 17238,
  "dsp": 14,
  "bram": 10,
  "snru": 0.009938905252931783,
  "wns": 1.267,
  "tns": 0.0,
  "target_clk": 8.0,
  "achieved_clk": 6.7330000000000005,
  "total_power": 2.789,
  "dynamic_power": 0.567,
  "static_power": 2.222,
  "cc": 47069,
  "time": 316915.57700000005
}