{
  "lut": 1109,
  "ff": 923,
  "dsp": 11,
  "bram": 0,
  "snru": 0.3649811561508219,
  "wns": 2.583,
  "tns": 0.0,
  "target_clk": 8.0,
  "achieved_clk": 5.417,
  "total_power": 2.251,
  "dynamic_power": 0.038,
  "static_power": 2.213,
  "cc": 2728081,
  "time": 14778014.776999999
}