{
  "lut": 2541,
  "ff": 2194,
  "dsp": 22,
  "bram": 0,
  "snru": 0.7869786485718346,
  "wns": 2.281,
  "tns": 0.0,
  "target_clk": 8.0,
  "achieved_clk": 5.718999999999999,
  "total_power": 2.291,
  "dynamic_power": 0.077,
  "static_power": 2.213,
  "cc": 1988625,
  "time": 11372946.374999998
}