{
  "lut": 12083,
  "ff": 9455,
  "dsp": 39,
  "bram": 0,
  "snru": 0.006459398203247122,
  "wns": 2.094,
  "tns": 0.0,
  "target_clk": 8.0,
  "achieved_clk": 5.906000000000001,
  "total_power": 2.431,
  "dynamic_power": 0.215,
  "static_power": 2.216,
  "cc": 35585,
  "time": 210165.01
}