{
  "lut": 6979,
  "bram": 2,
  "ff": 4070,
  "dsp": 45,
  "snru": 0.004661370574412798,
  "wns": 2.123,
  "tns": 0.0,
  "target_clk": 8.0,
  "achieved_clk": 5.877,
  "total_power": 2.351,
  "dynamic_power": 0.137,
  "static_power": 2.215,
  "cc": 525,
  "time": 3085.4249999999997
}