{
  "lut": 4181,
  "ff": 3071,
  "dsp": 47,
  "bram": 6,
  "snru": 1.6686674114544209,
  "wns": 1.797,
  "tns": 0.0,
  "target_clk": 8.0,
  "achieved_clk": 6.203,
  "total_power": 2.327,
  "dynamic_power": 0.112,
  "static_power": 2.214,
  "cc": 15003,
  "time": 93063.60900000001
}