{
  "lut": 5094,
  "ff": 3221,
  "dsp": 0,
  "bram": 5,
  "snru": 0.955158839416824,
  "wns": 3.663,
  "tns": 0.0,
  "target_clk": 8.0,
  "achieved_clk": 4.337,
  "total_power": 2.29,
  "dynamic_power": 0.076,
  "static_power": 2.213,
  "cc": 1308,
  "time": 5672.795999999999
}