{
  "lut": 12548,
  "ff": 6909,
  "dsp": 60,
  "bram": 0,
  "snru": 0.007109718237826251,
  "wns": 1.905,
  "tns": 0.0,
  "target_clk": 8.0,
  "achieved_clk": 6.095,
  "total_power": 2.606,
  "dynamic_power": 0.387,
  "static_power": 2.219,
  "cc": 140545,
  "time": 856621.7749999999
}