{
  "lut": 15040,
  "ff": 11274,
  "dsp": 49,
  "bram": 38,
  "snru": 0.011522573127499543,
  "wns": 1.651,
  "tns": 0.0,
  "target_clk": 8.0,
  "achieved_clk": 6.349,
  "total_power": 2.637,
  "dynamic_power": 0.418,
  "static_power": 2.22,
  "cc": 48496087,
  "time": 307901656.36300004
}