{
  "lut": 5365,
  "ff": 3069,
  "dsp": 45,
  "bram": 5,
  "snru": 0.004333944553068137,
  "wns": 1.983,
  "tns": 0.0,
  "target_clk": 8.0,
  "achieved_clk": 6.0169999999999995,
  "total_power": 2.324,
  "dynamic_power": 0.11,
  "static_power": 2.214,
  "cc": 520,
  "time": 3128.8399999999997
}