{
  "lut": 6304,
  "ff": 4140,
  "dsp": 33,
  "bram": 0,
  "snru": 1.5151091255743452,
  "wns": 1.935,
  "tns": 0.0,
  "target_clk": 8.0,
  "achieved_clk": 6.0649999999999995,
  "total_power": 2.389,
  "dynamic_power": 0.174,
  "static_power": 2.215,
  "cc": 267009,
  "time": 1619409.585
}