{
  "lut": 1794,
  "ff": 1582,
  "dsp": 12,
  "bram": 0,
  "snru": 0.498166684429918,
  "wns": 2.88,
  "tns": 0.0,
  "target_clk": 8.0,
  "achieved_clk": 5.12,
  "total_power": 2.233,
  "dynamic_power": 0.02,
  "static_power": 2.212,
  "cc": 7535,
  "time": 38579.200000000004
}