{
  "lut": 11163,
  "ff": 1676,
  "dsp": 3,
  "bram": 0,
  "snru": 1.4271699291838378,
  "wns": 2.47,
  "tns": 0.0,
  "target_clk": 8.0,
  "achieved_clk": 5.529999999999999,
  "total_power": 2.271,
  "dynamic_power": 0.058,
  "static_power": 2.213,
  "cc": 3238,
  "time": 17906.14
}