{
  "lut": 7570,
  "ff": 4156,
  "dsp": 45,
  "bram": 1,
  "snru": 0.004750197404704386,
  "wns": 2.222,
  "tns": 0.0,
  "target_clk": 8.0,
  "achieved_clk": 5.7780000000000005,
  "total_power": 2.32,
  "dynamic_power": 0.106,
  "static_power": 2.214,
  "cc": 500,
  "time": 2889.0000000000005
}