{
  "lut": 21587,
  "ff": 19766,
  "dsp": 168,
  "bram": 0,
  "snru": 6.432850468949837,
  "wns": 0.993,
  "tns": 0.0,
  "target_clk": 8.0,
  "achieved_clk": 7.007,
  "total_power": 2.625,
  "dynamic_power": 0.406,
  "static_power": 2.219,
  "cc": 1484,
  "time": 10398.387999999999
}