{
  "lut": 1703,
  "ff": 1725,
  "dsp": 0,
  "bram": 14,
  "snru": 0.8151500550660794,
  "wns": 4.668,
  "tns": 0.0,
  "target_clk": 8.0,
  "achieved_clk": 3.332,
  "total_power": 2.253,
  "dynamic_power": 0.04,
  "static_power": 2.213,
  "cc": 126268,
  "time": 420724.97599999997
}