{
  "lut": 5107,
  "bram": 6,
  "ff": 3298,
  "dsp": 0,
  "snru": 0.0024956733794839524,
  "wns": 3.756,
  "tns": 0.0,
  "target_clk": 8.0,
  "achieved_clk": 4.244,
  "total_power": 2.294,
  "dynamic_power": 0.08,
  "static_power": 2.214,
  "cc": 1348,
  "time": 5720.911999999999
}