{
  "lut": 8324,
  "ff": 6889,
  "dsp": 22,
  "bram": 0,
  "snru": 1.7197177271327746,
  "wns": 2.531,
  "tns": 0.0,
  "target_clk": 8.0,
  "achieved_clk": 5.468999999999999,
  "total_power": 2.362,
  "dynamic_power": 0.147,
  "static_power": 2.215,
  "cc": 135257,
  "time": 739720.5329999999
}