{
  "lut": 25759,
  "ff": 14110,
  "dsp": 59,
  "bram": 0,
  "snru": 0.011889295716687981,
  "wns": 1.507,
  "tns": 0.0,
  "target_clk": 8.0,
  "achieved_clk": 6.493,
  "total_power": 2.457,
  "dynamic_power": 0.241,
  "static_power": 2.216,
  "cc": 34305,
  "time": 222742.36500000002
}