{
  "lut": 5125,
  "bram": 1,
  "ff": 3980,
  "dsp": 53,
  "snru": 1.743899274751822,
  "wns": 2.709,
  "tns": 0.0,
  "target_clk": 8.0,
  "achieved_clk": 5.291,
  "total_power": 2.305,
  "dynamic_power": 0.091,
  "static_power": 2.214,
  "cc": 1250,
  "time": 6613.750000000001
}