{
  "lut": 6288,
  "ff": 2115,
  "dsp": 0,
  "bram": 7,
  "snru": 0.002757749403450808,
  "wns": 4.246,
  "tns": 0.0,
  "target_clk": 8.0,
  "achieved_clk": 3.7539999999999996,
  "total_power": 2.25,
  "dynamic_power": 0.037,
  "static_power": 2.213,
  "cc": 1623,
  "time": 6092.741999999999
}