{
  "lut": 71873,
  "ff": 24245,
  "dsp": 6,
  "bram": 0,
  "snru": 0.024342135209428732,
  "wns": 0.473,
  "tns": 0.0,
  "target_clk": 8.0,
  "achieved_clk": 7.527,
  "total_power": 2.7,
  "dynamic_power": 0.479,
  "static_power": 2.221,
  "cc": 5678,
  "time": 42738.306000000004
}