{
  "lut": 1849,
  "bram": 9,
  "ff": 1608,
  "dsp": 0,
  "snru": 0.0015979405941892175,
  "wns": 5.103,
  "tns": 0.0,
  "target_clk": 8.0,
  "achieved_clk": 2.897,
  "total_power": 2.248,
  "dynamic_power": 0.036,
  "static_power": 2.213,
  "cc": 2219,
  "time": 6428.442999999999
}