{
  "lut": 4121,
  "bram": 14,
  "ff": 2466,
  "dsp": 41,
  "snru": 1.823893645492871,
  "wns": 1.291,
  "tns": 0.0,
  "target_clk": 8.0,
  "achieved_clk": 6.709,
  "total_power": 2.324,
  "dynamic_power": 0.11,
  "static_power": 2.214,
  "cc": 14853,
  "time": 99648.77699999999
}