{
  "lut": 15394,
  "ff": 11590,
  "dsp": 49,
  "bram": 6,
  "snru": 0.008693225529429478,
  "wns": 1.706,
  "tns": 0.0,
  "target_clk": 8.0,
  "achieved_clk": 6.2940000000000005,
  "total_power": 2.595,
  "dynamic_power": 0.376,
  "static_power": 2.219,
  "cc": 45283031,
  "time": 285011397.114
}