{
  "lut": 609,
  "ff": 508,
  "dsp": 6,
  "bram": 0,
  "snru": 0.000499526683364123,
  "wns": 2.461,
  "tns": 0.0,
  "target_clk": 8.0,
  "achieved_clk": 5.539,
  "total_power": 2.231,
  "dynamic_power": 0.018,
  "static_power": 2.212,
  "cc": 6217,
  "time": 34435.962999999996
}