{
  "lut": 2095,
  "ff": 2558,
  "dsp": 11,
  "bram": 0,
  "snru": 0.5718804770025105,
  "wns": 2.298,
  "tns": 0.0,
  "target_clk": 8.0,
  "achieved_clk": 5.702,
  "total_power": 2.244,
  "dynamic_power": 0.032,
  "static_power": 2.213,
  "cc": 262161,
  "time": 1494842.0219999999
}