{
  "lut": 14175,
  "ff": 10124,
  "dsp": 0,
  "bram": 7,
  "snru": 0.006168261288546256,
  "wns": 2.626,
  "tns": 0.0,
  "target_clk": 8.0,
  "achieved_clk": 5.3740000000000006,
  "total_power": 2.464,
  "dynamic_power": 0.248,
  "static_power": 2.216,
  "cc": 1545,
  "time": 8302.830000000002
}