{
  "lut": 4155,
  "ff": 1483,
  "dsp": 0,
  "bram": 9,
  "snru": 0.0022413819947031677,
  "wns": 5.017,
  "tns": 0.0,
  "target_clk": 8.0,
  "achieved_clk": 2.9829999999999997,
  "total_power": 2.246,
  "dynamic_power": 0.033,
  "static_power": 2.213,
  "cc": 2543,
  "time": 7585.768999999999
}