{
  "lut": 9985,
  "ff": 4229,
  "dsp": 9,
  "bram": 0,
  "snru": 1.5392763991521008,
  "wns": 1.397,
  "tns": 0.0,
  "target_clk": 8.0,
  "achieved_clk": 6.603,
  "total_power": 2.414,
  "dynamic_power": 0.198,
  "static_power": 2.216,
  "cc": 4369,
  "time": 28848.506999999998
}