{
  "lut": 33687,
  "ff": 14587,
  "dsp": 48,
  "bram": 1,
  "snru": 0.013862444685446652,
  "wns": 1.222,
  "tns": 0.0,
  "target_clk": 8.0,
  "achieved_clk": 6.7780000000000005,
  "total_power": 2.576,
  "dynamic_power": 0.358,
  "static_power": 2.218,
  "cc": 707,
  "time": 4792.046
}