{
  "lut": 2721,
  "bram": 0,
  "ff": 2336,
  "dsp": 12,
  "snru": 0.0016194071662877173,
  "wns": 2.123,
  "tns": 0.0,
  "target_clk": 8.0,
  "achieved_clk": 5.877,
  "total_power": 2.265,
  "dynamic_power": 0.052,
  "static_power": 2.213,
  "cc": 992,
  "time": 5829.9839999999995
}