{
  "lut": 1516,
  "ff": 1550,
  "dsp": 0,
  "bram": 7,
  "snru": 0.0013081061857562408,
  "wns": 5.126,
  "tns": 0.0,
  "target_clk": 8.0,
  "achieved_clk": 2.8739999999999997,
  "total_power": 2.243,
  "dynamic_power": 0.031,
  "static_power": 2.213,
  "cc": 2579,
  "time": 7412.045999999999
}