{
  "lut": 14437,
  "bram": 0,
  "ff": 9459,
  "dsp": 54,
  "snru": 3.1060580828714888,
  "wns": 1.663,
  "tns": 0.0,
  "target_clk": 8.0,
  "achieved_clk": 6.337,
  "total_power": 2.508,
  "dynamic_power": 0.291,
  "static_power": 2.217,
  "cc": 33793,
  "time": 214146.24099999998
}