{
  "lut": 2008,
  "ff": 2142,
  "dsp": 0,
  "bram": 14,
  "snru": 0.8740592878120411,
  "wns": 4.7,
  "tns": 0.0,
  "target_clk": 8.0,
  "achieved_clk": 3.3,
  "total_power": 2.248,
  "dynamic_power": 0.035,
  "static_power": 2.213,
  "cc": 105828,
  "time": 349232.39999999997
}