{
  "lut": 2580,
  "ff": 2056,
  "dsp": 0,
  "bram": 10,
  "snru": 0.7859371722257185,
  "wns": 4.684,
  "tns": 0.0,
  "target_clk": 8.0,
  "achieved_clk": 3.316,
  "total_power": 2.29,
  "dynamic_power": 0.076,
  "static_power": 2.214,
  "cc": 129852,
  "time": 430589.23199999996
}