{
  "lut": 26999,
  "ff": 12213,
  "dsp": 6,
  "bram": 0,
  "snru": 3.8987024684998346,
  "wns": 0.669,
  "tns": 0.0,
  "target_clk": 8.0,
  "achieved_clk": 7.3309999999999995,
  "total_power": 2.384,
  "dynamic_power": 0.169,
  "static_power": 2.215,
  "cc": 1822,
  "time": 13357.081999999999
}