{
  "lut": 6480,
  "bram": 0,
  "ff": 4083,
  "dsp": 33,
  "snru": 1.5320304728577518,
  "wns": 1.986,
  "tns": 0.0,
  "target_clk": 8.0,
  "achieved_clk": 6.014,
  "total_power": 2.432,
  "dynamic_power": 0.216,
  "static_power": 2.216,
  "cc": 262913,
  "time": 1581158.7820000001
}