{
  "lut": 121762,
  "ff": 59329,
  "dsp": 208,
  "bram": 0,
  "snru": 20.866422940054946,
  "wns": 1.012,
  "tns": 0.0,
  "target_clk": 8.0,
  "achieved_clk": 6.9879999999999995,
  "total_power": 3.735,
  "dynamic_power": 1.497,
  "static_power": 2.239,
  "cc": 2427,
  "time": 16959.876
}