{
  "lut": 13151,
  "ff": 7177,
  "dsp": 60,
  "bram": 0,
  "snru": 0.0073210916776206714,
  "wns": 2.012,
  "tns": 0.0,
  "target_clk": 8.0,
  "achieved_clk": 5.9879999999999995,
  "total_power": 2.569,
  "dynamic_power": 0.35,
  "static_power": 2.218,
  "cc": 142337,
  "time": 852313.9559999999
}