{
  "lut": 1706,
  "ff": 1539,
  "dsp": 0,
  "bram": 7,
  "snru": 0.5444084985315711,
  "wns": 4.701,
  "tns": 0.0,
  "target_clk": 8.0,
  "achieved_clk": 3.2990000000000004,
  "total_power": 2.246,
  "dynamic_power": 0.033,
  "static_power": 2.213,
  "cc": 2066,
  "time": 6815.734
}