{
  "lut": 10330,
  "ff": 5967,
  "dsp": 105,
  "bram": 18,
  "snru": 0.009902734435796843,
  "wns": 1.602,
  "tns": 0.0,
  "target_clk": 8.0,
  "achieved_clk": 6.398,
  "total_power": 2.358,
  "dynamic_power": 0.143,
  "static_power": 2.215,
  "cc": 3807,
  "time": 24357.185999999998
}