{
  "lut": 5890,
  "ff": 2802,
  "dsp": 11,
  "bram": 0,
  "snru": 0.0025531065706266877,
  "wns": 2.661,
  "tns": 0.0,
  "target_clk": 8.0,
  "achieved_clk": 5.339,
  "total_power": 2.26,
  "dynamic_power": 0.047,
  "static_power": 2.213,
  "cc": 2080913,
  "time": 11109994.507000001
}