{
  "lut": 4222,
  "ff": 3724,
  "dsp": 40,
  "bram": 0,
  "snru": 0.0034250139145469184,
  "wns": 4.004,
  "tns": 0.0,
  "target_clk": 8.0,
  "achieved_clk": 3.9960000000000004,
  "total_power": 2.292,
  "dynamic_power": 0.078,
  "static_power": 2.214,
  "cc": 1207,
  "time": 4823.1720000000005
}