{
  "lut": 1434,
  "ff": 1559,
  "dsp": 0,
  "bram": 7,
  "snru": 0.001285878992290749,
  "wns": 5.319,
  "tns": 0.0,
  "target_clk": 8.0,
  "achieved_clk": 2.681,
  "total_power": 2.243,
  "dynamic_power": 0.03,
  "static_power": 2.213,
  "cc": 2580,
  "time": 6916.9800000000005
}