{
  "lut": 978,
  "ff": 920,
  "dsp": 11,
  "bram": 0,
  "snru": 0.34978062384538866,
  "wns": 2.576,
  "tns": 0.0,
  "target_clk": 8.0,
  "achieved_clk": 5.4239999999999995,
  "total_power": 2.248,
  "dynamic_power": 0.035,
  "static_power": 2.213,
  "cc": 2728081,
  "time": 14797111.343999999
}