{
  "lut": 6491,
  "ff": 4077,
  "dsp": 33,
  "bram": 0,
  "snru": 1.5329482408460045,
  "wns": 1.605,
  "tns": 0.0,
  "target_clk": 8.0,
  "achieved_clk": 6.395,
  "total_power": 2.434,
  "dynamic_power": 0.218,
  "static_power": 2.216,
  "cc": 262913,
  "time": 1681328.6349999998
}