{
  "lut": 9335,
  "ff": 5027,
  "dsp": 0,
  "bram": 5,
  "snru": 0.003863209139658066,
  "wns": 3.339,
  "tns": 0.0,
  "target_clk": 8.0,
  "achieved_clk": 4.661,
  "total_power": 2.315,
  "dynamic_power": 0.101,
  "static_power": 2.214,
  "cc": 1347,
  "time": 6278.366999999999
}