{
  "lut": 1526,
  "ff": 1557,
  "dsp": 0,
  "bram": 7,
  "snru": 0.0013119780194566812,
  "wns": 5.37,
  "tns": 0.0,
  "target_clk": 8.0,
  "achieved_clk": 2.63,
  "total_power": 2.244,
  "dynamic_power": 0.032,
  "static_power": 2.213,
  "cc": 2579,
  "time": 6782.7699999999995
}