{
  "lut": 22326,
  "ff": 14657,
  "dsp": 62,
  "bram": 6,
  "snru": 4.666874803335432,
  "wns": 1.733,
  "tns": 0.0,
  "target_clk": 8.0,
  "achieved_clk": 6.2669999999999995,
  "total_power": 2.768,
  "dynamic_power": 0.547,
  "static_power": 2.222,
  "cc": 49174656,
  "time": 308177569.15199995
}