{
  "lut": 4399,
  "ff": 3841,
  "dsp": 56,
  "bram": 2,
  "snru": 1.7402443271787897,
  "wns": 3.201,
  "tns": 0.0,
  "target_clk": 8.0,
  "achieved_clk": 4.7989999999999995,
  "total_power": 2.305,
  "dynamic_power": 0.091,
  "static_power": 2.214,
  "cc": 1216,
  "time": 5835.583999999999
}