,lut,lut,time,time,cluster
,mean,std,mean,std,count
cluster,,,,,
0,4560.964705882353,1352.3491329205358,94469.75171764706,18828.25657764728,85
1,9820.727272727272,2570.358200391859,38680.541090909086,23972.38322389256,66
2,9115.760869565218,2441.986533630926,36981.52856521739,22493.935031380097,46
3,9851.125,2427.1421652687613,36550.66502083333,24855.415121883852,48
