{
  "lut": 27060,
  "ff": 16057,
  "dsp": 0,
  "bram": 12,
  "snru": 0.01117954082100902,
  "wns": 1.839,
  "tns": 0.0,
  "target_clk": 8.0,
  "achieved_clk": 6.161,
  "total_power": 2.764,
  "dynamic_power": 0.542,
  "static_power": 2.222,
  "cc": 24103,
  "time": 148498.58299999998
}