{
  "lut": 8485,
  "ff": 5796,
  "dsp": 13,
  "bram": 10,
  "snru": 0.004740767285758271,
  "wns": 0.56,
  "tns": 0.0,
  "target_clk": 8.0,
  "achieved_clk": 7.4399999999999995,
  "total_power": 2.521,
  "dynamic_power": 0.303,
  "static_power": 2.217,
  "cc": 42629,
  "time": 317159.75999999995
}