{
  "lut": 4855,
  "ff": 2783,
  "dsp": 0,
  "bram": 8,
  "snru": 0.002535559412366268,
  "wns": 3.328,
  "tns": 0.0,
  "target_clk": 8.0,
  "achieved_clk": 4.672000000000001,
  "total_power": 2.3,
  "dynamic_power": 0.086,
  "static_power": 2.214,
  "cc": 1309,
  "time": 6115.648000000001
}