{
  "lut": 5948,
  "bram": 2,
  "ff": 3854,
  "dsp": 47,
  "snru": 0.004418707907438235,
  "wns": 1.935,
  "tns": 0.0,
  "target_clk": 8.0,
  "achieved_clk": 6.065,
  "total_power": 2.317,
  "dynamic_power": 0.103,
  "static_power": 2.214,
  "cc": 839,
  "time": 5088.535000000001
}