{
  "lut": 10732,
  "ff": 12929,
  "dsp": 0,
  "bram": 7,
  "snru": 0.005583040794787077,
  "wns": 2.908,
  "tns": 0.0,
  "target_clk": 8.0,
  "achieved_clk": 5.0920000000000005,
  "total_power": 2.404,
  "dynamic_power": 0.189,
  "static_power": 2.215,
  "cc": 1878,
  "time": 9562.776000000002
}