{
  "lut": 5651,
  "ff": 3932,
  "dsp": 71,
  "bram": 18,
  "snru": 2.7363490470438565,
  "wns": 1.599,
  "tns": 0.0,
  "target_clk": 8.0,
  "achieved_clk": 6.401,
  "total_power": 2.304,
  "dynamic_power": 0.09,
  "static_power": 2.214,
  "cc": 8848,
  "time": 56636.047999999995
}