{
  "lut": 4930,
  "ff": 4108,
  "dsp": 56,
  "bram": 2,
  "snru": 1.8164764307030186,
  "wns": 3.278,
  "tns": 0.0,
  "target_clk": 8.0,
  "achieved_clk": 4.7219999999999995,
  "total_power": 2.315,
  "dynamic_power": 0.102,
  "static_power": 2.214,
  "cc": 1220,
  "time": 5760.839999999999
}