{
  "lut": 42362,
  "ff": 38826,
  "dsp": 208,
  "bram": 0,
  "snru": 0.026453783350504474,
  "wns": 0.982,
  "tns": 0.0,
  "target_clk": 8.0,
  "achieved_clk": 7.018,
  "total_power": 2.954,
  "dynamic_power": 0.729,
  "static_power": 2.225,
  "cc": 2427,
  "time": 17032.685999999998
}