{
  "lut": 15729,
  "ff": 12083,
  "dsp": 75,
  "bram": 4,
  "snru": 3.906423667502386,
  "wns": 1.653,
  "tns": 0.0,
  "target_clk": 8.0,
  "achieved_clk": 6.3469999999999995,
  "total_power": 2.622,
  "dynamic_power": 0.403,
  "static_power": 2.219,
  "cc": 53107031,
  "time": 337070325.75699997
}