{
  "lut": 7720,
  "bram": 2,
  "ff": 5261,
  "dsp": 92,
  "snru": 2.8075233819369725,
  "wns": 2.467,
  "tns": 0.0,
  "target_clk": 8.0,
  "achieved_clk": 5.533,
  "total_power": 2.336,
  "dynamic_power": 0.122,
  "static_power": 2.214,
  "cc": 1214,
  "time": 6717.062000000001
}