{
  "lut": 3939,
  "ff": 3615,
  "dsp": 53,
  "bram": 1,
  "snru": 0.0039672589706534174,
  "wns": 3.515,
  "tns": 0.0,
  "target_clk": 8.0,
  "achieved_clk": 4.484999999999999,
  "total_power": 2.291,
  "dynamic_power": 0.077,
  "static_power": 2.213,
  "cc": 1266,
  "time": 5678.009999999999
}