{
  "lut": 5738,
  "ff": 4643,
  "dsp": 0,
  "bram": 1,
  "wns": 0.722,
  "tns": 0,
  "target_clk": 8.0,
  "achieved_clk": 7.2780000000000005,
  "total_power": 2.292,
  "dynamic_power": 0.078,
  "static_power": 2.214,
  "cc": 1764,
  "time": 12838.392000000002
}