{
  "lut": 9361,
  "ff": 5031,
  "dsp": 101,
  "bram": 18,
  "snru": 3.7290353983536,
  "wns": 1.257,
  "tns": 0.0,
  "target_clk": 8.0,
  "achieved_clk": 6.743,
  "total_power": 2.287,
  "dynamic_power": 0.073,
  "static_power": 2.213,
  "cc": 4404,
  "time": 29696.172000000002
}