{
  "lut": 25273,
  "ff": 15279,
  "dsp": 163,
  "bram": 20,
  "snru": 7.258377752035161,
  "wns": 0.19,
  "tns": 0.0,
  "target_clk": 8.0,
  "achieved_clk": 7.81,
  "total_power": 2.848,
  "dynamic_power": 0.625,
  "static_power": 2.223,
  "cc": 19808,
  "time": 154700.47999999998
}