{
  "lut": 912,
  "ff": 986,
  "dsp": 11,
  "bram": 0,
  "snru": 0.3459948308938468,
  "wns": 2.701,
  "tns": 0.0,
  "target_clk": 8.0,
  "achieved_clk": 5.2989999999999995,
  "total_power": 2.249,
  "dynamic_power": 0.036,
  "static_power": 2.213,
  "cc": 2990225,
  "time": 15845202.274999999
}