{
  "lut": 1104,
  "ff": 994,
  "dsp": 11,
  "bram": 0,
  "snru": 0.36848014660603473,
  "wns": 2.517,
  "tns": 0.0,
  "target_clk": 8.0,
  "achieved_clk": 5.4830000000000005,
  "total_power": 2.246,
  "dynamic_power": 0.034,
  "static_power": 2.213,
  "cc": 2990225,
  "time": 16395403.675
}