{
  "lut": 2857,
  "bram": 14,
  "ff": 2138,
  "dsp": 0,
  "snru": 0.9712279735682819,
  "wns": 1.833,
  "tns": 0.0,
  "target_clk": 8.0,
  "achieved_clk": 6.167,
  "total_power": 2.265,
  "dynamic_power": 0.052,
  "static_power": 2.213,
  "cc": 123202,
  "time": 759786.7339999999
}