{
  "lut": 54548,
  "ff": 38517,
  "dsp": 208,
  "bram": 0,
  "snru": 11.96177903403439,
  "wns": 1.208,
  "tns": 0.0,
  "target_clk": 8.0,
  "achieved_clk": 6.792,
  "total_power": 3.333,
  "dynamic_power": 1.101,
  "static_power": 2.232,
  "cc": 2436,
  "time": 16545.311999999998
}