{
  "lut": 9935,
  "ff": 5422,
  "dsp": 141,
  "bram": 10,
  "snru": 4.1917371698572845,
  "wns": 0.52,
  "tns": 0.0,
  "target_clk": 8.0,
  "achieved_clk": 7.48,
  "total_power": 2.322,
  "dynamic_power": 0.108,
  "static_power": 2.214,
  "cc": 6624,
  "time": 49547.520000000004
}