{
  "lut": 6097,
  "bram": 1,
  "ff": 4456,
  "dsp": 56,
  "snru": 0.004832787271953687,
  "wns": 2.887,
  "tns": 0.0,
  "target_clk": 8.0,
  "achieved_clk": 5.113,
  "total_power": 2.299,
  "dynamic_power": 0.085,
  "static_power": 2.214,
  "cc": 1230,
  "time": 6288.990000000001
}