{
  "lut": 11174,
  "ff": 11500,
  "dsp": 0,
  "bram": 7,
  "snru": 0.0055048871145374455,
  "wns": 2.898,
  "tns": 0.0,
  "target_clk": 8.0,
  "achieved_clk": 5.102,
  "total_power": 2.412,
  "dynamic_power": 0.197,
  "static_power": 2.216,
  "cc": 1622,
  "time": 8275.444000000001
}