{
  "lut": 18661,
  "ff": 7607,
  "dsp": 58,
  "bram": 0,
  "snru": 0.008879030592759699,
  "wns": 1.885,
  "tns": 0.0,
  "target_clk": 8.0,
  "achieved_clk": 6.115,
  "total_power": 2.563,
  "dynamic_power": 0.344,
  "static_power": 2.218,
  "cc": 78721,
  "time": 481378.91500000004
}