{
  "lut": 4108,
  "ff": 3468,
  "dsp": 40,
  "bram": 1,
  "snru": 1.379445465126508,
  "wns": 3.111,
  "tns": 0.0,
  "target_clk": 8.0,
  "achieved_clk": 4.888999999999999,
  "total_power": 2.282,
  "dynamic_power": 0.068,
  "static_power": 2.213,
  "cc": 1174,
  "time": 5739.685999999999
}