{
  "lut": 187861,
  "ff": 26784,
  "dsp": 66,
  "bram": 0,
  "snru": 0.060492040213040596,
  "wns": 0.395,
  "tns": 0.0,
  "target_clk": 8.0,
  "achieved_clk": 7.605,
  "total_power": 4.171,
  "dynamic_power": 1.925,
  "static_power": 2.246,
  "cc": 78353,
  "time": 595874.5650000001
}