{
  "lut": 10923,
  "bram": 10,
  "ff": 9915,
  "dsp": 0,
  "snru": 0.005484626566761066,
  "wns": 1.856,
  "tns": 0.0,
  "target_clk": 8.0,
  "achieved_clk": 6.144,
  "total_power": 2.464,
  "dynamic_power": 0.247,
  "static_power": 2.217,
  "cc": 51277,
  "time": 315045.88800000004
}