{
  "lut": 26660,
  "ff": 16468,
  "dsp": 0,
  "bram": 10,
  "snru": 0.010937745830711137,
  "wns": 0.743,
  "tns": 0.0,
  "target_clk": 8.0,
  "achieved_clk": 7.257,
  "total_power": 2.653,
  "dynamic_power": 0.433,
  "static_power": 2.22,
  "cc": 25883,
  "time": 187832.93099999998
}