{
  "lut": 3581,
  "bram": 15,
  "ff": 2536,
  "dsp": 0,
  "snru": 1.114317836165303,
  "wns": 4.698,
  "tns": 0.0,
  "target_clk": 8.0,
  "achieved_clk": 3.302,
  "total_power": 2.279,
  "dynamic_power": 0.066,
  "static_power": 2.213,
  "cc": 1862,
  "time": 6148.3240000000005
}