{
  "lut": 4256,
  "ff": 3364,
  "dsp": 45,
  "bram": 2,
  "snru": 0.0037791660957050156,
  "wns": 2.922,
  "tns": 0.0,
  "target_clk": 8.0,
  "achieved_clk": 5.077999999999999,
  "total_power": 2.299,
  "dynamic_power": 0.085,
  "static_power": 2.214,
  "cc": 686,
  "time": 3483.508
}