{
  "lut": 13750,
  "bram": 0,
  "ff": 10273,
  "dsp": 24,
  "snru": 0.006424759863045332,
  "wns": 0.956,
  "tns": 0.0,
  "target_clk": 8.0,
  "achieved_clk": 7.044,
  "total_power": 2.335,
  "dynamic_power": 0.121,
  "static_power": 2.214,
  "cc": 796,
  "time": 5607.023999999999
}