{
  "lut": 43315,
  "ff": 38736,
  "dsp": 208,
  "bram": 0,
  "snru": 10.685680006868457,
  "wns": 1.185,
  "tns": 0.0,
  "target_clk": 8.0,
  "achieved_clk": 6.8149999999999995,
  "total_power": 3.232,
  "dynamic_power": 1.003,
  "static_power": 2.23,
  "cc": 2427,
  "time": 16540.004999999997
}