{
  "lut": 26055,
  "ff": 15956,
  "dsp": 0,
  "bram": 10,
  "snru": 0.010690808881371932,
  "wns": 0.441,
  "tns": 0.0,
  "target_clk": 8.0,
  "achieved_clk": 7.559,
  "total_power": 2.64,
  "dynamic_power": 0.421,
  "static_power": 2.22,
  "cc": 25745,
  "time": 194606.45500000002
}