{
  "lut": 2778,
  "ff": 2224,
  "dsp": 0,
  "bram": 44,
  "snru": 2.0831694461925743,
  "wns": 2.919,
  "tns": 0.0,
  "target_clk": 8.0,
  "achieved_clk": 5.0809999999999995,
  "total_power": 2.307,
  "dynamic_power": 0.093,
  "static_power": 2.214,
  "cc": 150796,
  "time": 766194.4759999999
}