{
  "lut": 25713,
  "ff": 14300,
  "dsp": 59,
  "bram": 0,
  "snru": 0.0119033490390081,
  "wns": 1.411,
  "tns": 0.0,
  "target_clk": 8.0,
  "achieved_clk": 6.589,
  "total_power": 2.474,
  "dynamic_power": 0.257,
  "static_power": 2.217,
  "cc": 34305,
  "time": 226035.64500000002
}