{
  "lut": 289091,
  "ff": 343542,
  "dsp": 539,
  "bram": 35,
  "snru": 0.15807102932120695,
  "wns": 0.137,
  "tns": 0.0,
  "target_clk": 8.0,
  "achieved_clk": 7.8629999999999995,
  "total_power": 6.784,
  "dynamic_power": 4.49,
  "static_power": 2.294,
  "cc": 5191225,
  "time": 40818602.175
}