{
  "lut": 12911,
  "ff": 5012,
  "dsp": 9,
  "bram": 0,
  "snru": 0.004799658279451471,
  "wns": 1.76,
  "tns": 0.0,
  "target_clk": 8.0,
  "achieved_clk": 6.24,
  "total_power": 2.472,
  "dynamic_power": 0.256,
  "static_power": 2.217,
  "cc": 3547,
  "time": 22133.280000000002
}