{
  "lut": 7353,
  "ff": 4502,
  "dsp": 45,
  "bram": 1,
  "snru": 1.8950312379463652,
  "wns": 2.172,
  "tns": 0.0,
  "target_clk": 8.0,
  "achieved_clk": 5.827999999999999,
  "total_power": 2.341,
  "dynamic_power": 0.127,
  "static_power": 2.214,
  "cc": 514,
  "time": 2995.5919999999996
}