{
  "lut": 4342,
  "bram": 6,
  "ff": 3220,
  "dsp": 47,
  "snru": 1.695684206608606,
  "wns": 1.626,
  "tns": 0.0,
  "target_clk": 8.0,
  "achieved_clk": 6.374,
  "total_power": 2.334,
  "dynamic_power": 0.12,
  "static_power": 2.214,
  "cc": 14703,
  "time": 93716.92199999999
}