{
  "lut": 15889,
  "ff": 11418,
  "dsp": 49,
  "bram": 6,
  "snru": 3.524211100171204,
  "wns": 1.73,
  "tns": 0.0,
  "target_clk": 8.0,
  "achieved_clk": 6.27,
  "total_power": 2.641,
  "dynamic_power": 0.421,
  "static_power": 2.22,
  "cc": 49831383,
  "time": 312442771.40999997
}