{
  "lut": 1539,
  "ff": 1576,
  "dsp": 0,
  "bram": 7,
  "snru": 0.0013184310756240822,
  "wns": 5.379,
  "tns": 0.0,
  "target_clk": 8.0,
  "achieved_clk": 2.6210000000000004,
  "total_power": 2.244,
  "dynamic_power": 0.032,
  "static_power": 2.213,
  "cc": 2623,
  "time": 6874.883000000001
}