{
  "lut": 15077,
  "ff": 11274,
  "dsp": 49,
  "bram": 38,
  "snru": 4.613273927945485,
  "wns": 1.874,
  "tns": 0.0,
  "target_clk": 8.0,
  "achieved_clk": 6.1259999999999994,
  "total_power": 2.635,
  "dynamic_power": 0.416,
  "static_power": 2.22,
  "cc": 48496087,
  "time": 297087028.96199995
}