{
  "lut": 6167,
  "bram": 2,
  "ff": 4444,
  "dsp": 57,
  "snru": 1.9944605089086935,
  "wns": 2.701,
  "tns": 0.0,
  "target_clk": 8.0,
  "achieved_clk": 5.299,
  "total_power": 2.344,
  "dynamic_power": 0.129,
  "static_power": 2.214,
  "cc": 1211,
  "time": 6417.089000000001
}