{
  "lut": 14892,
  "ff": 20679,
  "dsp": 33,
  "bram": 0,
  "snru": 0.008622545895800767,
  "wns": 2.187,
  "tns": 0.0,
  "target_clk": 8.0,
  "achieved_clk": 5.813000000000001,
  "total_power": 2.487,
  "dynamic_power": 0.27,
  "static_power": 2.217,
  "cc": 262913,
  "time": 1528313.269
}