{
  "lut": 7876,
  "bram": 3,
  "ff": 3471,
  "dsp": 0,
  "snru": 0.0030356200506083493,
  "wns": 3.547,
  "tns": 0.0,
  "target_clk": 8.0,
  "achieved_clk": 4.453,
  "total_power": 2.269,
  "dynamic_power": 0.056,
  "static_power": 2.213,
  "cc": 1258,
  "time": 5601.874000000001
}