{
  "lut": 5309,
  "ff": 4449,
  "dsp": 0,
  "bram": 3,
  "snru": 0.9758577852947345,
  "wns": 3.998,
  "tns": 0.0,
  "target_clk": 8.0,
  "achieved_clk": 4.002,
  "total_power": 2.271,
  "dynamic_power": 0.058,
  "static_power": 2.213,
  "cc": 1856,
  "time": 7427.7119999999995
}