{
  "lut": 4169,
  "bram": 6,
  "ff": 3012,
  "dsp": 47,
  "snru": 1.663906490015361,
  "wns": 2.018,
  "tns": 0.0,
  "target_clk": 8.0,
  "achieved_clk": 5.982,
  "total_power": 2.331,
  "dynamic_power": 0.117,
  "static_power": 2.214,
  "cc": 14353,
  "time": 85859.64600000001
}