{
  "lut": 24631,
  "ff": 14666,
  "dsp": 59,
  "bram": 0,
  "snru": 4.658205437923357,
  "wns": 1.756,
  "tns": 0.0,
  "target_clk": 8.0,
  "achieved_clk": 6.244,
  "total_power": 2.519,
  "dynamic_power": 0.302,
  "static_power": 2.217,
  "cc": 34305,
  "time": 214200.41999999998
}