{
  "lut": 5946,
  "bram": 18,
  "ff": 4115,
  "dsp": 71,
  "snru": 2.7806887129763087,
  "wns": 1.619,
  "tns": 0.0,
  "target_clk": 8.0,
  "achieved_clk": 6.381,
  "total_power": 2.317,
  "dynamic_power": 0.103,
  "static_power": 2.214,
  "cc": 9754,
  "time": 62240.274000000005
}