{
  "lut": 537,
  "ff": 501,
  "dsp": 3,
  "bram": 0,
  "snru": 0.14074601215006396,
  "wns": 2.477,
  "tns": 0.0,
  "target_clk": 8.0,
  "achieved_clk": 5.523,
  "total_power": 2.226,
  "dynamic_power": 0.014,
  "static_power": 2.212,
  "cc": 8619,
  "time": 47602.736999999994
}