{
  "lut": 14060,
  "ff": 8480,
  "dsp": 61,
  "bram": 24,
  "snru": 0.010042792518456864,
  "wns": 1.544,
  "tns": 0.0,
  "target_clk": 8.0,
  "achieved_clk": 6.4559999999999995,
  "total_power": 2.478,
  "dynamic_power": 0.261,
  "static_power": 2.217,
  "cc": 70820,
  "time": 457213.92
}