{
  "lut": 4254,
  "ff": 3108,
  "dsp": 51,
  "bram": 6,
  "snru": 0.004365921709738321,
  "wns": 1.962,
  "tns": 0.0,
  "target_clk": 8.0,
  "achieved_clk": 6.038,
  "total_power": 2.333,
  "dynamic_power": 0.118,
  "static_power": 2.214,
  "cc": 15303,
  "time": 92399.51400000001
}