{
  "lut": 8712,
  "ff": 5041,
  "dsp": 72,
  "bram": 18,
  "snru": 0.007919809731258925,
  "wns": 0.398,
  "tns": 0.0,
  "target_clk": 8.0,
  "achieved_clk": 7.602,
  "total_power": 2.339,
  "dynamic_power": 0.124,
  "static_power": 2.214,
  "cc": 6538,
  "time": 49701.876000000004
}