{
  "lut": 7083,
  "bram": 5,
  "ff": 3628,
  "dsp": 0,
  "snru": 0.003016711571743235,
  "wns": 2.746,
  "tns": 0.0,
  "target_clk": 8.0,
  "achieved_clk": 5.254,
  "total_power": 2.331,
  "dynamic_power": 0.117,
  "static_power": 2.214,
  "cc": 1684,
  "time": 8847.735999999999
}