{
  "lut": 1652,
  "ff": 1497,
  "dsp": 0,
  "bram": 4,
  "snru": 0.4241972807845605,
  "wns": 5.046,
  "tns": 0.0,
  "target_clk": 8.0,
  "achieved_clk": 2.9539999999999997,
  "total_power": 2.229,
  "dynamic_power": 0.017,
  "static_power": 2.212,
  "cc": 1861,
  "time": 5497.393999999999
}