{
  "lut": 9790,
  "ff": 5602,
  "dsp": 0,
  "bram": 9,
  "snru": 1.7792735210824417,
  "wns": 3.619,
  "tns": 0.0,
  "target_clk": 8.0,
  "achieved_clk": 4.381,
  "total_power": 2.314,
  "dynamic_power": 0.1,
  "static_power": 2.214,
  "cc": 1659,
  "time": 7268.079000000001
}