{
  "lut": 25061,
  "ff": 11366,
  "dsp": 6,
  "bram": 0,
  "snru": 3.6277888304675288,
  "wns": 1.001,
  "tns": 0.0,
  "target_clk": 8.0,
  "achieved_clk": 6.9990000000000006,
  "total_power": 2.368,
  "dynamic_power": 0.153,
  "static_power": 2.215,
  "cc": 1898,
  "time": 13284.102
}