{
  "lut": 7355,
  "ff": 4094,
  "dsp": 33,
  "bram": 0,
  "snru": 1.6330423120648003,
  "wns": 2.116,
  "tns": 0.0,
  "target_clk": 8.0,
  "achieved_clk": 5.884,
  "total_power": 2.433,
  "dynamic_power": 0.217,
  "static_power": 2.216,
  "cc": 262913,
  "time": 1546980.0920000002
}