{
  "lut": 3955,
  "ff": 2103,
  "dsp": 22,
  "bram": 0,
  "snru": 0.9439743350622898,
  "wns": 2.512,
  "tns": 0.0,
  "target_clk": 8.0,
  "achieved_clk": 5.4879999999999995,
  "total_power": 2.313,
  "dynamic_power": 0.099,
  "static_power": 2.214,
  "cc": 1482865,
  "time": 8137963.119999999
}