{
  "lut": 433,
  "ff": 391,
  "dsp": 3,
  "bram": 0,
  "snru": 0.0003062634334588603,
  "wns": 2.6,
  "tns": 0.0,
  "target_clk": 8.0,
  "achieved_clk": 5.4,
  "total_power": 2.223,
  "dynamic_power": 0.01,
  "static_power": 2.212,
  "cc": 8313,
  "time": 44890.200000000004
}