{
  "lut": 63586,
  "ff": 31533,
  "dsp": 59,
  "bram": 0,
  "snru": 0.0252366536920918,
  "wns": 0.66,
  "tns": 0.0,
  "target_clk": 8.0,
  "achieved_clk": 7.34,
  "total_power": 2.599,
  "dynamic_power": 0.38,
  "static_power": 2.219,
  "cc": 34305,
  "time": 251798.69999999998
}