{
  "lut": 8850,
  "ff": 7517,
  "dsp": 53,
  "bram": 1,
  "snru": 0.005935297700462522,
  "wns": 2.727,
  "tns": 0.0,
  "target_clk": 8.0,
  "achieved_clk": 5.273,
  "total_power": 2.324,
  "dynamic_power": 0.11,
  "static_power": 2.214,
  "cc": 1128,
  "time": 5947.9439999999995
}