{
  "lut": 1521,
  "bram": 0,
  "ff": 920,
  "dsp": 3,
  "snru": 0.0006941638097437354,
  "wns": 2.72,
  "tns": 0.0,
  "target_clk": 8.0,
  "achieved_clk": 5.28,
  "total_power": 2.236,
  "dynamic_power": 0.024,
  "static_power": 2.213,
  "cc": 8065,
  "time": 42583.200000000004
}