{
  "lut": 5539,
  "bram": 9,
  "ff": 2709,
  "dsp": 0,
  "snru": 0.002814126579872037,
  "wns": 3.486,
  "tns": 0.0,
  "target_clk": 8.0,
  "achieved_clk": 4.514,
  "total_power": 2.259,
  "dynamic_power": 0.046,
  "static_power": 2.213,
  "cc": 1725,
  "time": 7786.650000000001
}