{
  "lut": 10778,
  "ff": 3736,
  "dsp": 0,
  "bram": 7,
  "snru": 0.00427794603524229,
  "wns": 3.19,
  "tns": 0.0,
  "target_clk": 8.0,
  "achieved_clk": 4.8100000000000005,
  "total_power": 2.301,
  "dynamic_power": 0.087,
  "static_power": 2.214,
  "cc": 1379,
  "time": 6632.990000000001
}