{
  "lut": 4738,
  "ff": 3028,
  "dsp": 71,
  "bram": 18,
  "snru": 0.006449387210120655,
  "wns": 1.327,
  "tns": 0.0,
  "target_clk": 8.0,
  "achieved_clk": 6.673,
  "total_power": 2.325,
  "dynamic_power": 0.111,
  "static_power": 2.214,
  "cc": 9769,
  "time": 65188.537000000004
}