{
  "lut": 3327,
  "ff": 3140,
  "dsp": 0,
  "bram": 14,
  "snru": 1.0826220631424375,
  "wns": 3.252,
  "tns": 0.0,
  "target_clk": 8.0,
  "achieved_clk": 4.748,
  "total_power": 2.256,
  "dynamic_power": 0.043,
  "static_power": 2.213,
  "cc": 93564,
  "time": 444241.87200000003
}