{
  "lut": 2379,
  "bram": 0,
  "ff": 2297,
  "dsp": 6,
  "snru": 0.001263711934832552,
  "wns": 3.246,
  "tns": 0.0,
  "target_clk": 8.0,
  "achieved_clk": 4.754,
  "total_power": 2.24,
  "dynamic_power": 0.027,
  "static_power": 2.213,
  "cc": 2347,
  "time": 11157.637999999999
}