{
  "lut": 4159,
  "ff": 3005,
  "dsp": 47,
  "bram": 6,
  "snru": 0.004155894391337961,
  "wns": 1.78,
  "tns": 0.0,
  "target_clk": 8.0,
  "achieved_clk": 6.22,
  "total_power": 2.324,
  "dynamic_power": 0.11,
  "static_power": 2.214,
  "cc": 15305,
  "time": 95197.09999999999
}