{
  "lut": 456,
  "ff": 454,
  "dsp": 3,
  "bram": 0,
  "snru": 0.00032189416950878687,
  "wns": 2.276,
  "tns": 0.0,
  "target_clk": 8.0,
  "achieved_clk": 5.724,
  "total_power": 2.224,
  "dynamic_power": 0.012,
  "static_power": 2.212,
  "cc": 8557,
  "time": 48980.268000000004
}