{
  "lut": 6393,
  "bram": 0,
  "ff": 1766,
  "dsp": 6,
  "snru": 0.9355164369286154,
  "wns": 0.127,
  "tns": 0.0,
  "target_clk": 8.0,
  "achieved_clk": 7.873,
  "total_power": 2.259,
  "dynamic_power": 0.046,
  "static_power": 2.213,
  "cc": 2548,
  "time": 20060.404000000002
}