{
  "lut": 12783,
  "ff": 8171,
  "dsp": 105,
  "bram": 14,
  "snru": 4.220117400288949,
  "wns": 0.447,
  "tns": 0.0,
  "target_clk": 8.0,
  "achieved_clk": 7.553,
  "total_power": 2.352,
  "dynamic_power": 0.138,
  "static_power": 2.215,
  "cc": 1399,
  "time": 10566.646999999999
}