{
  "lut": 3789,
  "bram": 6,
  "ff": 2209,
  "dsp": 0,
  "snru": 0.0019615037300713236,
  "wns": 3.562,
  "tns": 0.0,
  "target_clk": 8.0,
  "achieved_clk": 4.438,
  "total_power": 2.257,
  "dynamic_power": 0.044,
  "static_power": 2.213,
  "cc": 1698,
  "time": 7535.723999999999
}