{
  "lut": 1442,
  "ff": 960,
  "dsp": 11,
  "bram": 0,
  "snru": 0.4053055871346691,
  "wns": 2.551,
  "tns": 0.0,
  "target_clk": 8.0,
  "achieved_clk": 5.449,
  "total_power": 2.25,
  "dynamic_power": 0.038,
  "static_power": 2.213,
  "cc": 2728081,
  "time": 14865313.368999999
}