{
  "lut": 2600,
  "bram": 0,
  "ff": 787,
  "dsp": 6,
  "snru": 0.4442237607171617,
  "wns": 3.052,
  "tns": 0.0,
  "target_clk": 8.0,
  "achieved_clk": 4.948,
  "total_power": 2.242,
  "dynamic_power": 0.03,
  "static_power": 2.213,
  "cc": 5233,
  "time": 25892.884000000002
}