{
  "lut": 15036,
  "ff": 11480,
  "dsp": 57,
  "bram": 8,
  "snru": 3.6387238034335523,
  "wns": 1.865,
  "tns": 0.0,
  "target_clk": 8.0,
  "achieved_clk": 6.135,
  "total_power": 2.605,
  "dynamic_power": 0.386,
  "static_power": 2.219,
  "cc": 49163735,
  "time": 301619514.22499996
}