{
  "lut": 25013,
  "ff": 13811,
  "dsp": 45,
  "bram": 0,
  "snru": 0.011044426446816826,
  "wns": 1.374,
  "tns": 0.0,
  "target_clk": 8.0,
  "achieved_clk": 6.6259999999999994,
  "total_power": 2.534,
  "dynamic_power": 0.317,
  "static_power": 2.218,
  "cc": 820,
  "time": 5433.32
}