{
  "lut": 6333,
  "ff": 4076,
  "dsp": 33,
  "bram": 0,
  "snru": 1.5147649625787505,
  "wns": 1.983,
  "tns": 0.0,
  "target_clk": 8.0,
  "achieved_clk": 6.0169999999999995,
  "total_power": 2.434,
  "dynamic_power": 0.218,
  "static_power": 2.216,
  "cc": 262913,
  "time": 1581947.521
}