{
  "lut": 21303,
  "ff": 9457,
  "dsp": 85,
  "bram": 0,
  "snru": 0.011036127677810146,
  "wns": 1.743,
  "tns": 0.0,
  "target_clk": 8.0,
  "achieved_clk": 6.257,
  "total_power": 2.676,
  "dynamic_power": 0.455,
  "static_power": 2.22,
  "cc": 48641,
  "time": 304346.73699999996
}