{
  "lut": 6068,
  "bram": 7,
  "ff": 2340,
  "dsp": 0,
  "snru": 1.0907672540381792,
  "wns": 3.994,
  "tns": 0.0,
  "target_clk": 8.0,
  "achieved_clk": 4.006,
  "total_power": 2.25,
  "dynamic_power": 0.037,
  "static_power": 2.213,
  "cc": 1959,
  "time": 7847.754000000001
}