{
  "lut": 9107,
  "bram": 0,
  "ff": 3483,
  "dsp": 15,
  "snru": 0.003741417204005021,
  "wns": 1.212,
  "tns": 0.0,
  "target_clk": 8.0,
  "achieved_clk": 6.788,
  "total_power": 2.388,
  "dynamic_power": 0.172,
  "static_power": 2.215,
  "cc": 2178,
  "time": 14784.264000000001
}