{
  "lut": 2064,
  "ff": 1341,
  "dsp": 0,
  "bram": 6,
  "snru": 0.5369188561988671,
  "wns": 4.97,
  "tns": 0.0,
  "target_clk": 8.0,
  "achieved_clk": 3.0300000000000002,
  "total_power": 2.239,
  "dynamic_power": 0.026,
  "static_power": 2.213,
  "cc": 2341,
  "time": 7093.2300000000005
}