{
  "lut": 246118,
  "ff": 261009,
  "dsp": 1725,
  "bram": 48,
  "snru": 73.97407839388063,
  "wns": 0.02,
  "tns": 0.0,
  "target_clk": 8.0,
  "achieved_clk": 7.98,
  "total_power": 9.07,
  "dynamic_power": 6.733,
  "static_power": 2.337,
  "cc": 12072,
  "time": 96334.56000000001
}