{
  "lut": 6922,
  "ff": 1535,
  "dsp": 12,
  "bram": 0,
  "snru": 1.0837600214343233,
  "wns": 1.544,
  "tns": 0.0,
  "target_clk": 8.0,
  "achieved_clk": 6.4559999999999995,
  "total_power": 2.316,
  "dynamic_power": 0.102,
  "static_power": 2.214,
  "cc": 2792,
  "time": 18025.152
}