{
  "lut": 5397,
  "ff": 3376,
  "dsp": 75,
  "bram": 18,
  "snru": 2.7425217769003294,
  "wns": 1.767,
  "tns": 0.0,
  "target_clk": 8.0,
  "achieved_clk": 6.2330000000000005,
  "total_power": 2.294,
  "dynamic_power": 0.081,
  "static_power": 2.214,
  "cc": 8497,
  "time": 52961.80100000001
}