{
  "lut": 4525,
  "bram": 21,
  "ff": 3752,
  "dsp": 0,
  "snru": 1.5155791116005872,
  "wns": 3.132,
  "tns": 0.0,
  "target_clk": 8.0,
  "achieved_clk": 4.868,
  "total_power": 2.296,
  "dynamic_power": 0.082,
  "static_power": 2.214,
  "cc": 2078,
  "time": 10115.704000000002
}