{
  "lut": 6242,
  "ff": 4073,
  "dsp": 33,
  "bram": 0,
  "snru": 0.0037603831755364503,
  "wns": 1.908,
  "tns": 0.0,
  "target_clk": 8.0,
  "achieved_clk": 6.0920000000000005,
  "total_power": 2.384,
  "dynamic_power": 0.169,
  "static_power": 2.215,
  "cc": 263169,
  "time": 1603225.5480000002
}