{
  "lut": 6450,
  "ff": 3373,
  "dsp": 0,
  "bram": 10,
  "snru": 1.3054512140759387,
  "wns": 1.605,
  "tns": 0.0,
  "target_clk": 8.0,
  "achieved_clk": 6.395,
  "total_power": 2.398,
  "dynamic_power": 0.183,
  "static_power": 2.215,
  "cc": 32127,
  "time": 205452.16499999998
}