{
  "lut": 8576,
  "ff": 8256,
  "dsp": 47,
  "bram": 0,
  "snru": 0.005617665257448724,
  "wns": 1.865,
  "tns": 0.0,
  "target_clk": 8.0,
  "achieved_clk": 6.135,
  "total_power": 2.329,
  "dynamic_power": 0.114,
  "static_power": 2.214,
  "cc": 260237,
  "time": 1596553.9949999999
}