{
  "lut": 6143,
  "bram": 0,
  "ff": 4781,
  "dsp": 54,
  "snru": 0.00471557426371323,
  "wns": 2.806,
  "tns": 0.0,
  "target_clk": 8.0,
  "achieved_clk": 5.194,
  "total_power": 2.336,
  "dynamic_power": 0.121,
  "static_power": 2.214,
  "cc": 654,
  "time": 3396.8759999999997
}