{
  "lut": 2008,
  "bram": 6,
  "ff": 1546,
  "dsp": 0,
  "snru": 0.001355633456576463,
  "wns": 5.231,
  "tns": 0.0,
  "target_clk": 8.0,
  "achieved_clk": 2.769,
  "total_power": 2.244,
  "dynamic_power": 0.031,
  "static_power": 2.213,
  "cc": 2624,
  "time": 7265.856000000001
}