{
  "lut": 7022,
  "ff": 3657,
  "dsp": 0,
  "bram": 3,
  "snru": 1.1269453403608138,
  "wns": 3.222,
  "tns": 0.0,
  "target_clk": 8.0,
  "achieved_clk": 4.7780000000000005,
  "total_power": 2.266,
  "dynamic_power": 0.052,
  "static_power": 2.213,
  "cc": 1498,
  "time": 7157.444
}