{
  "lut": 123287,
  "ff": 57372,
  "dsp": 49,
  "bram": 6,
  "snru": 0.046202403209312,
  "wns": 0.131,
  "tns": 0.0,
  "target_clk": 8.0,
  "achieved_clk": 7.869,
  "total_power": 4.857,
  "dynamic_power": 2.599,
  "static_power": 2.259,
  "cc": 48994704,
  "time": 385539325.77599996
}