{
  "lut": 203048,
  "ff": 80100,
  "dsp": 1748,
  "bram": 84,
  "snru": 60.38172487092037,
  "wns": 0.073,
  "tns": 0.0,
  "target_clk": 8.0,
  "achieved_clk": 7.927,
  "total_power": 9.711,
  "dynamic_power": 7.361,
  "static_power": 2.349,
  "cc": 7744,
  "time": 61386.687999999995
}