{
  "lut": 6209,
  "ff": 4074,
  "dsp": 33,
  "bram": 0,
  "snru": 1.500424837762304,
  "wns": 1.706,
  "tns": 0.0,
  "target_clk": 8.0,
  "achieved_clk": 6.2940000000000005,
  "total_power": 2.431,
  "dynamic_power": 0.215,
  "static_power": 2.216,
  "cc": 262913,
  "time": 1654774.422
}