{
  "lut": 26554,
  "ff": 15279,
  "dsp": 252,
  "bram": 0,
  "snru": 0.02039145857757804,
  "wns": 1.241,
  "tns": 0.0,
  "target_clk": 8.0,
  "achieved_clk": 6.759,
  "total_power": 3.05,
  "dynamic_power": 0.824,
  "static_power": 2.227,
  "cc": 914,
  "time": 6177.726000000001
}