{
  "lut": 21915,
  "ff": 17773,
  "dsp": 168,
  "bram": 0,
  "snru": 0.015890398703578702,
  "wns": 1.113,
  "tns": 0.0,
  "target_clk": 8.0,
  "achieved_clk": 6.8870000000000005,
  "total_power": 2.555,
  "dynamic_power": 0.337,
  "static_power": 2.218,
  "cc": 1341,
  "time": 9235.467
}