{
  "lut": 8770,
  "bram": 1,
  "ff": 5861,
  "dsp": 95,
  "snru": 2.9755975748086643,
  "wns": 1.381,
  "tns": 0.0,
  "target_clk": 8.0,
  "achieved_clk": 6.619,
  "total_power": 2.321,
  "dynamic_power": 0.107,
  "static_power": 2.214,
  "cc": 1162,
  "time": 7691.277999999999
}