{
  "lut": 12673,
  "bram": 3,
  "ff": 5874,
  "dsp": 0,
  "snru": 1.9024019299349695,
  "wns": 2.953,
  "tns": 0.0,
  "target_clk": 8.0,
  "achieved_clk": 5.047,
  "total_power": 2.339,
  "dynamic_power": 0.125,
  "static_power": 2.214,
  "cc": 946,
  "time": 4774.4619999999995
}