{
  "lut": 6599,
  "bram": 9,
  "ff": 5656,
  "dsp": 0,
  "snru": 1.4162962817285505,
  "wns": 2.947,
  "tns": 0.0,
  "target_clk": 8.0,
  "achieved_clk": 5.053,
  "total_power": 2.293,
  "dynamic_power": 0.08,
  "static_power": 2.214,
  "cc": 1567,
  "time": 7918.0509999999995
}